driverId,name,ssn,location,certified,wage-plan

10,Nathan Davis,202-72-9556,"5742 Carol Harbors Suite 774
Hillview, SC 09848",N,miles

11,Jamie Reid,322-25-6899,"86480 Williams Springs Apt. 048
Dawsonmouth, GA 20912",Y,hours

12,John Johnson,039-30-7139,"55090 Phelps Field
Rogersstad, WI 66469",N,hours

13,Andre Romero,016-86-3525,"969 George Forks Apt. 209
Diazburgh, GU 49653",N,miles

14,Jeffrey Wolfe,821-82-8400,"2078 Martinez Landing Apt. 052
Lake Jadefort, OK 25902",Y,miles

15,Rebecca Jones,481-81-8935,"24686 Sandra Burgs
South David, GU 73400",N,hours

16,Steven Martinez,076-29-6250,"859 Donovan Ridge Apt. 391
East Amymouth, WI 78434",N,hours

17,Ryan Bennett,185-68-9243,"22215 Tara Lane
West Angelaland, NY 81720",Y,hours

18,Carrie Osborne,095-06-7933,"231 Tanner Streets Suite 285
South Gabriel, TN 49630",Y,hours

19,Kelly Thomas,169-95-3513,"492 Cynthia Ford
Lake John, MN 08858",N,miles

20,Ashley Smith,321-30-7735,"852 David Circle
Hunterland, MP 11846",Y,miles

21,Dr. John Smith,370-38-1097,"1368 Rebecca Pass Apt. 227
Romeroside, VT 81230",Y,hours

22,Jessica Smith,361-04-6969,"1719 Williams Pine Apt. 083
Jenniferstad, NV 17719",Y,miles

23,Pamela Ramos,836-53-3473,"597 Montgomery Fords
Greenland, RI 38418",N,hours

24,Gabrielle Ramirez,531-24-1996,"822 Katelyn Walks
South Michael, IN 40723",Y,hours

25,David Martin,314-87-7937,"660 Friedman Ports
Lake Caitlin, UT 55920",Y,hours

26,Frank Wilkerson,323-03-3796,"Unit 0782 Box 1578
DPO AA 79028",N,hours

27,Evelyn Allen MD,387-36-1177,"58401 Waters Street
Williamhaven, AR 47990",N,miles

28,Sharon Bennett,103-56-4455,"USS King
FPO AA 30822",Y,miles

29,Robert Drake,570-01-2961,"2851 Payne Stream
East Stacy, HI 93731",N,miles

30,Charles Sawyer,688-09-3443,"5640 Harrell Glens
Danielport, GA 15365",Y,miles

31,Steven Meyer,358-81-7216,"079 Lutz Shores
Port Jeffrey, VA 65950",Y,hours

32,Laura Wright,039-47-5981,"136 Crosby Course
Natashastad, IN 25402",Y,miles

33,Brooke Perez,230-71-4559,"12980 Brandi Plain
Lake Justinland, WY 43424",Y,miles

34,Steve Alvarez,218-13-9021,"8618 Dixon Square
Lake Megan, CA 61556",Y,miles

35,Jason Alvarez,113-24-4054,"103 Lyons Estate Apt. 786
West Matthewbury, NE 73596",N,miles

36,Angela Gay,232-38-8656,"82067 Santana Prairie
New Amy, MD 39023",Y,miles

37,Timothy Morrison,364-05-0529,"508 Bradley Parkways
Mcmahonberg, MN 84404",Y,hours

38,Lisa White,391-68-6979,"45070 Cox Ferry
North Joshua, NE 01940",N,miles

39,Jamie Joyce,329-32-5781,"224 Carrie Alley Suite 410
Howardport, MN 99507",Y,hours

40,Tonya Johnson,047-08-3608,"27912 Christopher Parkway
Williamton, NM 48561",Y,miles

41,Samantha Hoover,652-33-3054,"56872 Devin Roads
North Lisaview, GA 29862",N,miles

42,Nathan Romero,856-13-6533,"933 Janet Drives Apt. 650
Nelsonmouth, AL 97549",Y,miles

43,Kimberly Bautista,219-16-8036,"152 Kimberly Overpass Apt. 905
Jacobmouth, DC 96742",Y,miles

44,Debbie Nunez,789-48-3065,"233 Brown Fields Suite 445
Lake Anna, OK 12794",Y,miles

45,Mr. Alexander Miller,837-05-5276,"53417 Scott Gardens Suite 671
New Carl, FL 93793",Y,miles

46,Margaret Nolan,485-85-1563,"Unit 7411 Box 6351
DPO AP 53883",N,miles

47,Kimberly Cole,016-68-3073,"PSC 5267, Box 1033
APO AP 97590",N,miles

48,Danielle Shelton,555-20-1182,"4870 Garza Stream Apt. 292
Daleton, PA 87550",N,hours

49,Brandi Hancock,714-44-0991,"8039 Joseph Oval Apt. 030
Port Rachelport, MA 53889",Y,miles

50,Emily Vargas,484-05-3140,"357 Lynn Ford Apt. 418
Monroeburgh, LA 84149",N,miles

51,Jeffrey Munoz,784-83-6636,"421 Lopez Circles
Lake Timothychester, ND 10059",Y,miles

52,Emily Russo,178-39-2644,"2221 Baird Junction Suite 718
East George, MN 74760",Y,hours

53,Andrew Garza,851-35-1676,"82669 Erika Ridges Apt. 872
Cassandramouth, NH 96590",Y,miles

54,Emily Fox,520-34-2315,"402 Charles Expressway
Wellsmouth, GU 91500",N,miles

55,Jesus Bradley,395-34-1935,"7773 Karl Inlet
Brianton, MP 28583",N,hours

56,Lisa Cunningham,554-86-1717,"412 Calvin Rue
South Charlesmouth, KS 89348",Y,hours

57,John Day,143-60-7886,"0403 Graham Shores Suite 600
Kentbury, RI 22757",N,hours

58,Heather Collier,027-72-7080,"USNV Cortez
FPO AA 72452",N,miles

59,Timothy Brooks,332-53-9417,"756 Young Cape Suite 908
East Lawrence, OR 39954",Y,hours

60,Dustin Donaldson,729-71-3232,"47475 Tapia Orchard Apt. 459
Velezview, AL 82878",N,miles

61,Bradley Craig,880-06-3508,"648 Robert Overpass
Brittneychester, VT 34265",Y,miles

62,Kathryn Thornton,218-10-4139,"148 Becky Walks
Lake Chrisfurt, NV 40953",Y,miles

63,Kelly Nash,295-36-0783,"USNS Stanley
FPO AE 48137",Y,hours

64,William Hunt,624-24-9736,"35724 Maria Via Apt. 999
Lake Ericamouth, OK 09146",Y,hours

65,William Pena,712-22-7170,"05723 Parker Rue
West Jamesmouth, OH 29731",N,miles

66,Christopher Wilson,759-14-9947,"USNS Anderson
FPO AE 36943",N,miles

67,David Clark,265-12-7829,"37252 Julia Mountains Suite 678
Alejandroshire, RI 40560",N,miles

68,Nicole Evans,344-63-7717,"5292 Julia Turnpike
Kylieport, NY 11538",Y,hours

69,Jason Green,187-11-1893,"USCGC Young
FPO AP 13901",Y,hours

70,Jason Lee,277-52-3507,"87608 Robin Mews Apt. 930
South Brianbury, IA 11838",Y,miles

71,Brenda Barron,334-86-0142,"6994 Stacey Locks Apt. 291
Samuelville, NE 66794",Y,hours

72,Barry Simon,687-14-9715,"4481 Sellers Trace
Lake Tammy, TN 89301",N,miles

73,Linda Williams,106-49-7776,"Unit 2312 Box 3264
DPO AE 77863",N,hours

74,Dr. Robert Gill,422-82-8310,"203 Page Fords
Carterburgh, WV 34698",Y,hours

75,Amber Johnson,498-96-3742,"0901 Brown Plaza
East Vanessa, FL 29067",N,hours

76,James Alvarez,138-03-8500,"00094 Rojas Plain Suite 846
Joshuatown, MA 41902",N,hours

77,Taylor Taylor,219-35-4469,"32074 Eric Pass
Calderonstad, AK 83542",N,hours

78,Dawn Sampson,196-30-9618,"17713 Nancy Mall
Lawrenceberg, RI 78369",N,hours

79,Andrew Stevens,514-91-5788,"3965 Stephen Courts Apt. 959
East Christineborough, FL 08313",Y,hours

80,Courtney Rosales,814-33-3476,"9342 Wilson Lakes Suite 114
West Lisa, FM 33648",N,hours

81,Theresa Montoya,800-53-0197,"22773 Murphy Via
West Dustin, WV 56380",N,miles

82,Devon Flowers,271-88-4998,"162 Ross Union Apt. 254
New Lukechester, NM 06332",N,miles

83,Edward Fisher,158-12-6043,"28821 Terri Fort
South Tony, NY 76561",Y,miles

84,Justin Massey,031-76-5705,"28486 Melinda Flats Apt. 523
East Danielfort, CA 42180",N,miles

85,Corey Copeland,526-08-7874,"70165 Pittman Gateway
Port Aprilshire, IA 80736",N,hours

86,Gregory Alvarez,230-46-8340,"60303 Flores Village Suite 144
Sarahport, IL 26357",Y,miles

87,Brandon Williams,150-16-4987,"2609 Singh Club
Scottchester, SD 70259",N,hours

88,Tamara Dixon,323-84-1351,"99548 Sophia Drives Apt. 404
Lake Lisaberg, SD 03666",Y,hours

89,Sandra Estrada,290-07-4180,"97936 Timothy Pine
Billytown, TN 34670",Y,hours

90,Scott Brown,776-11-1769,"3740 Park Key
Sherrifurt, CA 95850",N,miles

91,Lisa Bullock,876-44-1220,"USCGC Williams
FPO AP 45032",N,miles

92,April Miller,096-04-7577,"63134 Gardner Ridge
New Tyler, CT 86100",Y,hours

93,Wayne Williams,500-60-5678,"925 Juan Crossroad Apt. 375
Jamieberg, UT 03363",Y,hours

94,Elizabeth Gregory,697-97-8772,"78027 Smith Views Suite 881
Maryville, DC 91733",Y,hours

95,Brenda Lewis,388-08-9555,"839 Olson Springs
Sandovalmouth, KS 16262",N,hours

96,Rebecca Foster,617-92-8301,"7765 Miller Station Apt. 507
New Michelleland, IN 41916",N,hours

97,Kyle Owens,786-29-2525,"107 Evans Manors Apt. 873
South Davidmouth, AZ 56434",Y,miles

98,Calvin Riley,362-15-6738,"82414 Justin Creek
Susanburgh, IN 84425",N,miles

99,Kathy Mayo,351-58-9337,"63127 Gregory Locks
North Michael, NE 63178",Y,hours

100,Kenneth Hinton,186-25-6610,"96945 Clifford Estate Suite 602
West Sheilashire, MN 54243",N,miles

101,Carrie Byrd,861-14-3235,"705 Manning Ports Suite 623
Lake Tracyview, IN 41636",Y,hours

102,Cheyenne Sullivan,448-13-4822,"6966 Sarah Rue Apt. 801
Lake Stephanie, TN 86491",N,hours

103,Tammy Sanchez,175-43-5899,"9568 Williams Manor Apt. 069
Christopherhaven, MO 54152",N,miles

104,Christina Lane,584-10-9123,"62383 William Shore
Williamview, IN 26002",N,miles

105,Shannon Conrad,082-24-1957,"639 Michelle Village
North Paul, ND 28749",Y,miles

106,Kathleen Hayden,730-23-3259,"85285 Amber Loop
East Jamesberg, OK 33924",N,hours

107,Joshua White,030-19-6758,"546 Katherine Parkway
Port Georgemouth, AL 46724",N,hours

108,Brittany Mccoy,750-74-6522,"0334 Jason Heights Apt. 578
Lake Judith, AK 29864",Y,miles

109,Robert Huff,573-39-8928,"4055 Joe Motorway Apt. 018
Amberside, MS 91037",Y,miles

110,Ricardo Travis,574-04-3462,"1228 Caitlin Motorway
Lake Andrew, MN 27102",N,miles

111,Brenda Olson,077-21-9365,"400 Oliver Cliff
East James, MO 14043",N,hours

112,Kenneth Glenn,725-26-4293,"57462 Brown Harbors Apt. 144
Andrewstad, LA 99698",N,miles

113,Benjamin Brown,138-60-5250,"2231 Thomas Expressway Apt. 774
Sanchezstad, AK 50786",Y,miles

114,Jordan Robinson,498-23-3478,"PSC 6881, Box 7060
APO AA 34595",N,miles

115,Jacob Palmer,466-59-8048,"450 Christy Gardens
Jenningsfort, ID 58470",N,miles

116,Jason Baldwin,430-90-0772,"Unit 6118 Box 3628
DPO AE 69095",Y,miles

117,Jesse Phillips,442-12-3010,"45664 Walter Pine Suite 372
New Heather, ME 21019",Y,hours

118,Adrienne Johnston,226-80-0413,"068 Vaughn Station
Lake Andrewmouth, ND 59298",N,miles

119,Eric Johnson,229-90-8692,"21337 Katelyn Tunnel
Jeffchester, WV 98884",Y,hours

120,Shelby Rush,579-42-7101,"PSC 0006, Box 7740
APO AP 41890",Y,miles

121,Nicole Hartman,408-20-0265,"8621 Katherine Rue
Blakeburgh, NH 12332",Y,miles

122,Amanda Wilson PhD,339-64-8502,"428 Rodriguez Dale Suite 393
East John, PW 02043",N,miles

123,Kimberly Garrett,196-82-1115,"54845 Green Heights
Pageton, LA 89070",Y,hours

124,Leslie Banks,600-78-4710,"Unit 4107 Box 7525
DPO AE 15542",N,miles

125,Ashley Morgan,114-10-1023,"4331 Lisa Forges
East Aliciamouth, NE 01054",Y,hours

126,Kathy Lucas,634-27-4741,"628 Sean Mission Suite 330
Anthonyport, MA 11253",Y,miles

127,Kevin Tyler,162-07-9103,"99680 Sanchez Point Suite 202
Janiceview, MS 38970",Y,hours

128,Stephen Colon,422-66-7075,"8448 Fuentes Trafficway Apt. 256
Rossbury, SC 75524",Y,hours

129,John Fischer,462-35-2769,"8791 Miller Mission Suite 912
Port Heather, DC 03688",Y,hours

130,William Rose,171-79-8895,"883 Michele Mills Suite 074
South Russellchester, MN 86390",Y,hours

131,Matthew Liu,686-38-7693,"73834 Hernandez Squares Apt. 536
Alexland, KS 02181",Y,miles

132,Megan Levy,565-44-1691,"Unit 9061 Box 0062
DPO AA 57892",Y,hours

133,Wayne Thomas,886-15-1543,"522 Heather Park
Nancyton, VA 09037",Y,hours

134,Kathleen Baldwin,239-52-1248,"564 Hughes Villages
Morganview, KY 15499",N,miles

135,Karen Mccullough,852-54-9862,"083 Gonzalez Gateway Suite 393
Gabrielshire, KY 56077",N,miles

136,Shannon Price,800-32-4936,"063 Brandon Brook Suite 279
Lukeville, ND 73902",N,hours

137,Jacob Henderson,539-85-6949,"Unit 1375 Box 1107
DPO AP 11678",N,hours

138,Lindsey Hughes,044-57-8080,"14304 Elliott Via Suite 980
Martinezstad, CA 00708",N,miles

139,Margaret Zuniga,381-16-5440,"154 Johnson Manors
Hannahland, NV 25290",N,hours

140,Jacob Gibbs,097-79-6375,"72123 Monica Underpass Apt. 080
Lake Susan, UT 89051",N,miles

141,Neil Rice,145-54-5497,"0211 Hernandez Forks Suite 838
Port Mary, NE 62062",N,hours

142,Leon Nguyen,634-42-4603,"645 Meyer Vista Apt. 436
East Stephenburgh, WI 06916",N,hours

143,Patrick Williams,658-72-0147,"Unit 2366 Box 2891
DPO AE 86166",Y,miles

144,Bobby Harper,271-10-1478,"70052 Ryan Drive
Port Markside, VT 94348",Y,hours

145,Lauren Johnston,623-52-5843,"696 Wagner Port
South Jeremiah, NV 65235",Y,hours

146,Natalie Myers,076-63-4694,"286 Harris Plain Apt. 814
Johnmouth, TN 33112",N,miles

147,Joyce Watts,182-81-0854,"6865 Patrick Mountains Suite 204
Johnsonside, LA 35875",Y,hours

148,Kelly Velazquez,076-47-3357,"48547 Douglas Freeway Apt. 218
North Karenfurt, HI 64293",Y,hours

149,Paul Chan,195-77-1629,"20197 Peterson Lights
Dustinhaven, NH 58299",Y,miles

150,Mrs. Amy Coffey DDS,021-03-0833,"USS Murray
FPO AP 58694",N,hours

151,Karen Keller,425-38-8729,"569 Burnett Walks Apt. 198
Monroeborough, MN 16840",Y,hours

152,Alexandra Johnson,564-65-8768,"14012 Stewart Avenue Apt. 385
Leemouth, GU 56567",Y,hours

153,Michelle Richardson,208-58-4251,"84883 Sean Port Suite 808
North Tylerhaven, PA 17573",N,hours

154,Ann Perez,085-26-3252,"34319 Walker Dam
West James, MA 51719",Y,hours

155,Brittney Lewis,398-30-3669,"17421 Duncan Turnpike
New Catherinestad, CT 02293",Y,miles

156,Daniel Mccoy,658-20-1611,"04314 Lucero Summit
South Kaylastad, KY 26470",Y,miles

157,Arthur Garrison,078-55-7914,"00581 Day Forge Suite 879
Patelshire, RI 85689",N,miles

158,Andres Sullivan,886-42-9723,"883 Richmond Meadow Suite 138
Patelfort, AS 60311",N,miles

159,Nicole Clark,719-70-0165,"309 Moon Overpass Suite 495
West Jamesshire, MS 51192",Y,miles

160,Jessica Mcbride,676-83-3169,"57985 Charles Terrace Suite 370
Port Autumnshire, MO 29732",Y,hours

161,Elizabeth Simmons,085-46-0686,"392 Brown Drive Suite 471
Lake Danielport, VT 24965",N,hours

162,Mr. Jose Vazquez,872-24-7804,"7220 Margaret Viaduct Apt. 888
Lake Colleen, GU 53638",Y,hours

163,Samuel Cruz,327-59-2111,"0193 Baker Street
Timothytown, FM 41219",N,hours

164,Erika Reese,027-05-1717,"51255 Robinson Divide
Muellerport, CA 89748",Y,hours

165,Karina Beck,802-51-4289,"7140 Melanie Station Suite 054
North Paulside, MT 15065",N,miles

166,Michelle Perkins,442-39-5596,"5032 Jacqueline Ports Apt. 318
West Megan, TN 59616",N,hours

167,Patricia Mendoza,728-36-4601,"237 Myers Union
Johnfort, MD 04689",N,hours

168,Andrea Hodge,535-63-2806,"81993 Taylor Squares Apt. 143
Lake Jasonhaven, MH 30881",N,miles

169,Christina Hayes,485-93-5192,"8218 Fernandez Street Apt. 498
Joshuaville, NM 92313",N,miles

170,Paul Strickland,734-26-9884,"02462 Kristin Islands Apt. 876
West Brendaville, GA 05285",Y,miles

171,Michael Schneider,857-37-6394,"227 Mccormick Dale
Jaredview, IA 75275",Y,hours

172,Theresa Torres,526-62-9517,"9366 Todd Roads
Smithfort, OR 56258",N,hours

173,Gabriel Michael,140-82-1848,"17967 Andrew Springs Suite 096
South Connie, WA 54457",Y,hours

174,Carlos Miller,161-87-7453,"5838 James Orchard
Cynthiatown, WI 07456",N,hours

175,Elizabeth Ayala,700-41-3527,"14442 Donna Falls
Julietown, OR 71326",N,hours

176,Kelly Cole,577-52-8244,"Unit 0369 Box 1820
DPO AP 47618",N,hours

177,Elizabeth Miller,356-45-3989,"1218 Watkins Plaza
Suzannechester, MO 32611",Y,miles

178,Tammy Bruce,019-09-0291,"203 Nash Summit Apt. 419
Fernandezborough, MN 41284",N,hours

179,Michelle Ramos,381-59-6835,"653 Andrea Track Apt. 556
New Amy, PW 06823",Y,hours

180,Marcia Wood,066-13-2481,"6565 Johnson Prairie
Russelltown, NE 38734",N,hours

181,Catherine Ali,397-03-1329,"USCGC Butler
FPO AP 13138",N,hours

182,Steven Ellis DDS,262-56-0682,"4540 Singh Ville
Port Kennethton, TX 68064",Y,hours

183,Alicia King,408-82-1785,"290 Benitez Falls
East Randyfurt, HI 76416",N,miles

184,Joanna Hess,364-22-3170,"14473 Molly Passage
Port Angela, GU 77666",N,miles

185,Andrea Clark,321-44-3934,"160 Michelle Rapid Apt. 107
Autumnchester, CT 87729",N,hours

186,Travis Lozano,607-24-6416,"30086 Walter Course
Port Christopherview, HI 45880",Y,miles

187,Amber Davis,422-12-3486,"Unit 7621 Box 5194
DPO AP 94030",Y,miles

188,Courtney Thornton,824-31-8123,"788 Briana Vista
Lake Kennethhaven, VI 14336",N,miles

189,Lori Barker,774-48-9878,"976 Peterson Mills
Stevenhaven, SD 27476",N,miles

190,Patrick James,672-35-3628,"357 Hamilton Courts Suite 210
Port Richardstad, HI 77881",N,hours

191,Christopher Melton,762-84-0339,"9807 Matthew Unions
Lake Jesusborough, SC 51484",N,hours

192,Mark Garcia,524-02-2836,"29636 Miller Flats
Davismouth, LA 19335",N,miles

193,Anthony Baker,006-63-5115,"2707 Traci Route
North Jeffreyberg, DE 39414",N,hours

194,Amanda Walker,847-61-2097,"208 Stanley Divide
East Paul, MP 06720",N,hours

195,Richard Porter,574-26-6379,"83043 Collins Springs
New Caseychester, WI 80290",Y,hours

196,Karen Wood,436-81-5772,"PSC 0704, Box 1029
APO AA 04536",Y,miles

197,Jeffrey Anderson,413-48-4805,"9805 Hernandez Dale Suite 497
Belindaton, MI 03995",N,miles

198,Sara Brown,171-75-4522,"63815 Sheppard Station Suite 394
Lake Raymond, OK 61925",N,miles

199,Gary Schwartz,804-94-0347,"49723 Campbell Shores
Jamesside, WV 82626",N,hours

200,Anthony Thompson,598-13-6963,"636 Hopkins Falls
South Scottshire, KY 59142",N,hours

201,Brad Mooney,739-26-7814,"732 Amanda Tunnel
East Michael, MD 14765",N,miles

202,Malik Hill,060-54-1775,"328 Wilson Circles Suite 115
Pooleville, TN 14110",Y,miles

203,Kristin Walls,423-08-3389,"28897 Stephanie Isle Suite 020
New Ericmouth, LA 77969",N,hours

204,Christina Evans,029-44-9267,"549 Michelle Inlet Suite 246
South Adamfurt, KS 98558",Y,miles

205,Ann Ray,464-92-1806,"80481 Hendrix Glens
Dennismouth, PR 11133",Y,hours

206,Jason Price,063-32-5697,"60975 Margaret Mill
North Shannonport, IA 62711",N,hours

207,Sarah Lindsey,602-54-5687,"0660 Alan Mission
Collinston, WA 18307",Y,hours

208,Jose Strickland,180-37-5778,"29077 Powell River
East Andrew, UT 26761",N,hours

209,Jacob Hall,484-88-8560,"248 Cruz Locks
Evansland, GA 19264",N,miles

210,Joe Robinson,291-29-9080,"616 Stephanie Drive
East Joshuaberg, KY 61705",Y,hours

211,Karen Watson,165-61-1994,"56743 Collins Burg
New Christopher, NY 24690",Y,miles

212,Natasha Davis,813-34-0825,"4346 Whitney Ville
Norrisside, ID 07685",N,miles

213,Gabriel Allen,742-35-5467,"5414 Thompson Corners
Port Philipchester, PR 51187",N,miles

214,Gregory Jackson,058-49-5749,"011 Evans Junction Suite 344
Pattersonmouth, WY 65068",Y,miles

215,William Bray,505-41-5530,"7847 Denise Unions
Sarastad, UT 95384",Y,hours

216,Todd Irwin,001-90-9615,"15463 Zoe Rue
East Ryanhaven, ME 55123",N,miles

217,Patrick Cruz,584-93-4555,"1819 Brenda Orchard
Melendezstad, MI 81302",N,hours

218,Andrew Rodriguez,413-22-0702,"16216 Wilson Square Suite 748
Ronnieborough, NH 73001",N,hours

219,Lauren Johnson,655-08-2164,"244 Emily Plains
Sweeneytown, OK 50399",N,miles

220,Daniel Collins,522-79-5271,"826 Young Port
Lake Rebecca, AZ 10468",Y,hours

221,Leslie Jackson,638-46-0114,"8199 Raymond Hill
Tyronetown, RI 59366",Y,hours

222,William Freeman,120-19-8707,"5518 Taylor Branch Suite 642
East Louisborough, SD 93057",Y,miles

223,Mario Avila,874-78-6239,"8815 Foster Views Apt. 406
Laurenburgh, ME 26436",Y,miles

224,Cindy Pacheco,891-42-1520,"Unit 2217 Box 6352
DPO AE 00608",Y,miles

225,Darrell Frazier,837-53-8976,"USS Villa
FPO AA 04863",N,hours

226,Tammy Baxter,561-12-7042,"793 Moyer Common Apt. 695
Port Timothyhaven, WI 73228",N,miles

227,Dwayne Small,162-62-0039,"6614 Luis Station Apt. 419
East Chelsea, ME 33093",Y,hours

228,Jeremy Murray,135-54-8773,"09135 Collins Village
Lake Sabrina, SD 85461",N,hours

229,Christina Nguyen,712-92-8053,"PSC 9079, Box 2648
APO AE 97000",N,miles

230,Crystal Khan,339-43-0031,"802 Cox Loaf Suite 731
New Jason, WY 53308",N,hours

231,William Myers,766-12-8064,"4063 Randolph Grove Suite 789
West Robert, NC 46075",N,miles

232,Joel Lambert,565-08-3534,"22574 Foster Mountains Suite 857
New Lisa, TX 91626",N,miles

233,Steven Andrews,424-02-6951,"185 Blake Plains
Duarteport, MD 42489",Y,hours

234,Adam Moreno,119-91-5004,"2435 Smith Spurs
Johnview, WY 16311",N,hours

235,James Jacobs,741-50-3357,"90354 Gloria Ranch Suite 971
Elizabethstad, MA 41170",Y,miles

236,Daniel Diaz,575-75-7986,"29610 Moore Knoll
West Eric, NV 56231",Y,miles

237,Vincent Levy,162-13-2726,"8968 Sullivan Wall Apt. 757
East Johnville, NJ 35406",Y,hours

238,Cynthia Lewis,734-58-1742,"791 Kimberly Cove
West Davidburgh, FL 57218",Y,hours

239,Rose Bradford,212-04-4442,"031 Erika Mews Apt. 725
Stevenmouth, IL 26246",N,miles

240,Deanna Williamson,011-18-7370,"0265 Green Meadow
West Thomas, MT 93033",N,miles

241,Holly Curtis,823-08-6039,"Unit 5065 Box 2616
DPO AA 68890",Y,miles

242,James Hernandez,589-81-2158,"6091 Todd Trace
New Charles, IA 44038",Y,miles

243,Joseph Richards,564-68-0124,"019 Simpson Courts
Elizabethville, CO 44944",N,hours

244,Erica Turner,835-05-2236,"41636 William Mills Apt. 830
North Anna, WA 08286",N,hours

245,David Nelson,814-14-2992,"671 Katelyn Park
Ellismouth, LA 57141",Y,hours

246,Kara Bell,815-50-1560,"6550 Miles Springs
East Kara, NJ 65916",Y,miles

247,Charles Hill,486-58-2979,"96730 Matthew Row Suite 505
Williamsmouth, ID 69137",N,miles

248,Keith White,471-68-2844,"2570 Elizabeth Drive
East Tammiemouth, IN 54789",N,hours

249,Ryan Hill,536-54-1968,"178 Bennett Vista
Alejandroview, OK 95939",N,hours

250,Joshua Hunt,791-52-7121,"31521 Timothy Isle Suite 219
Oneillside, WA 81789",N,miles

251,Roger Pittman,097-50-2265,"5803 George Ridges
South Anthonystad, CA 18422",Y,hours

252,Christine Santiago,018-48-4090,"USCGC Gardner
FPO AA 42961",Y,hours

253,Monica Lopez,011-18-2304,"28473 Michelle Divide Apt. 662
Bellfort, MA 82951",Y,miles

254,Tiffany Alvarado,213-52-1208,"7779 Garrison Pike Suite 510
Mercadomouth, KS 26323",N,miles

255,Juan Holland,667-55-0870,"0810 Martin Branch Apt. 410
North Gary, NV 17975",N,miles

256,Jeanette Smith,821-03-4193,"49855 David Corners
West Cindy, NY 80089",Y,hours

257,Frederick Cabrera,711-47-2823,"16681 Navarro Pike
Clarkview, MT 37841",Y,hours

258,Taylor Lopez,729-67-3185,"642 Taylor Bridge Suite 219
Robertsonhaven, HI 75191",Y,miles

259,Scott Underwood,088-64-4241,"Unit 7915 Box 7412
DPO AA 87799",Y,miles

260,Belinda Meadows,136-50-6423,"7126 Munoz Track
Marcusfort, OH 51636",Y,hours

261,Benjamin Scott,726-98-9768,"35600 Frost Causeway Suite 938
Donnamouth, MT 75293",Y,hours

262,Patricia Parker,862-80-3300,"PSC 0040, Box 9527
APO AP 05262",Y,hours

263,Melissa Miller,597-69-0310,"264 Kyle Drive Suite 454
East Kelsey, OR 61197",N,hours

264,Angel Ellis,443-69-6935,"848 Knight Wells
Erikabury, CT 28749",N,miles

265,Kathryn Riggs,341-32-1645,"51972 Samuel Knolls Apt. 973
Lake Sarahtown, NC 54306",Y,hours

266,Cynthia Jacobs,627-39-0947,"6324 Sherry Shores
East Sheila, TX 08445",Y,hours

267,Lindsay Blake,294-35-5059,"67168 Matthew Walks
South Traci, OH 21812",Y,miles

268,Elizabeth Wilson,051-72-9180,"87328 Albert Valley
Alexanderville, OH 01645",Y,hours

269,Stephanie Bailey,478-47-5417,"123 Richards Overpass Apt. 187
Lake Tyler, HI 37097",N,hours

270,Ryan Adkins,676-53-6737,"8055 Cochran Squares Suite 933
Crystalfort, MD 00919",N,hours

271,Dr. Corey Washington,895-66-4953,"65122 Hernandez Curve Suite 037
East Kenneth, AZ 73895",N,miles

272,Ryan Hammond,305-35-7055,"4712 Stevens Glen
Williamview, NE 49628",Y,hours

273,William Wells,755-27-2600,"73930 Cameron Underpass Apt. 147
Lake Autumn, MH 51309",Y,miles

274,Samantha Smith,770-55-8142,"78470 Marshall Land
Johnberg, NH 46676",Y,miles

275,Daniel Smith,291-79-5449,"863 Johnson Field
Annafurt, AK 61973",Y,miles

276,Lisa Stout,083-10-0184,"4064 Nicholas Trail
Nicholasland, VI 06915",N,hours

277,Patricia Cannon,186-33-3076,"290 Alan Union Suite 229
West Richardport, OR 12422",N,hours

278,Lawrence Taylor II,115-33-7647,"1992 Michael Course
South Mary, WI 58751",N,miles

279,Kathleen Ingram,656-03-5504,"637 Johnson Port
Mercerburgh, MT 12532",N,miles

280,John Esparza,339-91-9366,"37036 Ann Key Apt. 223
Lake Jonathan, SC 85601",N,hours

281,Roger Dickson,028-86-3356,"8266 Decker Stravenue Suite 428
Janicemouth, AS 63355",Y,hours

282,Stephanie Mcgee,621-56-9967,"3409 Martin Terrace Apt. 585
South George, IN 76622",Y,hours

283,Karen Swanson,364-84-8560,"5994 Ward Spur
West Danielshire, FL 44722",Y,miles

284,Kelly Marquez,775-86-6039,"477 Graham Cliffs Suite 806
Jaredside, WY 56704",Y,hours

285,Erin Gonzales,002-76-1612,"PSC 1492, Box 1485
APO AE 39368",Y,miles

286,Kristi Baker MD,153-94-7588,"9909 Jonathan Walk Suite 601
Lake John, OR 79464",Y,hours

287,Jessica Rodriguez PhD,310-42-3142,"1225 Rocha Key Apt. 786
West Jeffreyside, NH 82237",Y,miles

288,Douglas Gray,750-40-8682,"7363 Taylor Ford Suite 003
East Jacob, NY 35725",N,hours

289,Meredith Thomas,621-63-8169,"9725 Watson Street
Port Joshuaton, OH 85302",N,miles

290,Ruth Smith,514-48-9902,"Unit 7835 Box 2935
DPO AP 28523",N,hours

291,Billy Jackson,585-25-0277,"12778 Shannon Canyon Suite 367
South Todd, NM 83977",N,miles

292,Dr. Amanda Bailey,228-80-1853,"19361 Ian Drive
Wilsonmouth, NY 02221",Y,miles

293,Daniel Perez,474-97-7974,"2452 Tyler Grove
East Nancyland, AK 64906",N,hours

294,Ashley Arroyo,279-35-6911,"56511 Simon Canyon Apt. 343
East Brookeview, SD 77990",Y,hours

295,Nancy Blanchard,648-30-6151,"45143 Espinoza Locks Suite 579
South Kennethville, CT 49741",N,hours

296,Richard Mathews,226-36-0511,"59871 Chelsey Row
Port Tiffany, MS 61769",Y,miles

297,Eric Delgado,175-42-5915,"96047 Vincent Union
East Philipmouth, MN 35321",Y,hours

298,Angela Strong,356-36-0848,"80324 Rodriguez Square Suite 316
East Tammyshire, WY 01733",N,miles

299,David Phillips,210-22-0840,"60195 Diana Terrace Apt. 784
Greenborough, SD 40459",N,hours

300,Catherine Perkins,826-87-7120,"31839 Jacob Dam
Lake Charleschester, CA 26073",N,hours

301,Sarah Li,840-93-0263,"92748 Cline Knolls
Valerieburgh, GU 96119",Y,miles

302,David Morris,534-24-9083,"447 Haley Avenue Apt. 002
Vegachester, ND 39195",Y,miles

303,Natalie Jensen,852-91-8471,"USCGC Davis
FPO AA 39141",Y,hours

304,Denise Wade,855-02-4864,"USS Hughes
FPO AE 97692",Y,miles

305,Melanie Leonard,705-40-2469,"Unit 6640 Box 7114
DPO AE 64462",Y,hours

306,Deborah Conrad,301-39-7996,"0601 Gallagher Expressway Suite 238
Coltonmouth, GA 85718",N,miles

307,Ashley Steele,457-02-5244,"6968 Richard Stream Suite 327
Lake Frankburgh, UT 89954",N,miles

308,Billy Fleming,143-45-0816,"8551 Nathaniel Extension
Jamesmouth, NM 27890",Y,hours

309,Ryan Powell,845-26-5359,"71586 Ruiz Lock Apt. 405
Carrilloside, VI 10608",N,hours

310,Erin Taylor,059-38-8624,"PSC 6901, Box 6988
APO AA 80553",Y,miles

311,Dr. Joseph Frank DDS,681-92-9831,"125 Jennings Harbors
Jasonton, VT 59626",N,miles

312,Jodi Wells DDS,538-83-9165,"04377 Adam Loop
Jesseshire, OK 60690",N,hours

313,Kevin Hernandez,512-92-7006,"384 Chad Skyway Suite 778
Stephaniefort, NV 85403",Y,hours

314,Diana Hernandez,538-39-2873,"Unit 8541 Box 1543
DPO AA 64577",Y,hours

315,Mary Griffin,581-85-5471,"3630 Joan Points Suite 686
Howeborough, NM 88471",Y,miles

316,Chelsea Cardenas,394-81-8224,"744 Desiree Light
North Daniel, PW 84162",N,miles

317,Crystal Adams,794-98-0051,"280 Clayton Plains
Daniellestad, WY 99175",N,hours

318,Darren Bailey,334-21-8604,"951 Joseph Ports Suite 726
Jacksonview, UT 25279",N,hours

319,Jeffrey Cameron,205-67-7807,"342 Michael Mountains
West Jacobfurt, SC 02815",Y,hours

320,John Parker,789-64-6815,"019 James Station
Moorestad, WV 53283",N,hours

321,Jasmine Jackson,866-13-1466,"7464 Sean Prairie
North Christine, NE 30514",N,hours

322,Scott Davis,383-58-5542,"931 Anderson Prairie Apt. 763
Chenton, ND 49329",N,hours

323,Karen Rivera,158-23-2450,"Unit 8373 Box 6513
DPO AE 43415",N,miles

324,Kathleen Warren,844-34-2816,"2022 Gilbert Trail Apt. 154
Amytown, MA 73522",Y,hours

325,Patrick Johnston,636-93-8791,"PSC 0336, Box 6799
APO AE 35750",N,hours

326,Tiffany Graham,859-79-7317,"1048 Johnson Stravenue Apt. 875
Tylermouth, PR 20571",Y,miles

327,John Reyes,085-27-6374,"Unit 1916 Box 9224
DPO AP 27300",Y,hours

328,Richard Leach,860-34-6962,"PSC 4743, Box 8317
APO AP 35903",N,hours

329,Karl Turner,871-96-7526,"783 Tyler Junction Apt. 718
West Rickyborough, SC 60450",Y,hours

330,Yvonne Bishop,184-10-6516,"51588 Juan Plains
West Megan, WA 52537",N,hours

331,Wendy Edwards,187-04-1353,"5440 Nunez Prairie
Brownshire, MD 53051",N,miles

332,Cassandra Bradley,461-14-8882,"Unit 5961 Box 2356
DPO AA 29127",Y,hours

333,Whitney Nelson,790-14-1529,"29527 Keith Isle
Levyport, WV 37977",Y,miles

334,Zachary Hall,271-57-6373,"9210 Coleman Manor
North Barbara, DC 72826",N,miles

335,Jeffrey Hill,526-16-8825,"7921 Cole Wall Apt. 300
Pattersonmouth, VI 82793",Y,miles

336,James Aguirre,254-74-5255,"15153 Anderson Field
West Saraport, CA 74440",Y,hours

337,Christina Murray,706-61-2234,"991 Richardson Islands
Allisonton, AS 47705",Y,hours

338,Brian George,677-14-3271,"2580 Webb Springs Apt. 408
North Michael, LA 85359",Y,miles

339,Justin Scott,246-50-5575,"977 Kenneth Summit Apt. 716
Morgantown, MP 00737",N,miles

340,Mary Odonnell,538-18-8427,"891 Michelle Locks
New Susantown, FM 63784",Y,hours

341,Victor Riddle,809-57-8302,"901 Vickie Points Suite 357
Hernandezland, NE 69952",Y,miles

342,Mary Bennett,554-51-5883,"545 Rubio Points
Lake Angela, MI 13502",Y,miles

343,Thomas York,127-92-8885,"7216 Brooke Spur Suite 307
Gilbertchester, DC 59919",N,hours

344,John Bailey,174-03-4094,"662 Rachel Keys
South Carolynberg, PW 06140",N,hours

345,Charles Wood,162-09-1798,"8559 Linda Via Suite 495
Scottstad, NY 61636",Y,miles

346,Isaiah Morse,064-46-1171,"561 Caitlin Forge
Briantown, VA 15509",Y,miles

347,Suzanne Miranda,570-44-5873,"804 Maria Square Apt. 109
Crawfordside, VA 90207",Y,hours

348,Robert Conner,095-25-9093,"6859 Moran Station Suite 501
North Matthew, MS 28628",Y,hours

349,Ana Shah,549-74-9766,"6222 Kristen Cliffs Suite 692
North Greg, WV 38128",N,miles

350,Benjamin Moore,668-80-1498,"3499 Murphy Stravenue Suite 007
North James, AS 00616",N,miles

351,Thomas Richardson,573-14-4909,"350 Jenny Flats Suite 875
Rayshire, NJ 49659",Y,hours

352,Pamela Nielsen,316-91-8860,"1625 George Course Suite 079
South Jamestown, GA 97483",Y,hours

353,Karen Hall,504-01-4050,"253 Thomas Plains
Chapmanborough, VT 85502",Y,hours

354,Kevin Richards,540-60-1726,"PSC 8092, Box 8061
APO AE 37899",N,hours

355,Thomas Anderson,775-82-8755,"53945 Baker Well Suite 095
Garciafort, KS 40274",N,miles

356,Heather Mcbride,129-57-5395,"PSC 5560, Box 9508
APO AA 80463",Y,hours

357,Eric Dickerson,251-46-9696,"20023 Phillips Vista
East Zachary, AL 88371",N,miles

358,Julia Johnson,019-21-1264,"071 Roberts Ridge Apt. 888
Kelleymouth, RI 88326",N,miles

359,Sharon Davis,337-78-1077,"0557 Lutz Knolls Suite 961
Anthonyberg, MO 71176",N,hours

360,Sharon Hughes,826-44-4639,"045 Amy Turnpike
Rodriguezburgh, TN 62863",N,hours

361,Andrew Williams,453-94-6750,"579 Young Brooks
Gallagherbury, PA 04156",N,miles

362,Jennifer Allen,632-97-2043,"10970 Harper Road Apt. 961
West Heather, GU 64634",N,miles

363,Kevin Swanson,508-35-4469,"1452 Alexa Common
Yuville, FL 57444",N,miles

364,Brandon Todd,011-13-3203,"6090 Dougherty Burgs Suite 784
New Bradleymouth, WA 04879",Y,miles

365,Jordan Collins,897-45-0929,"2335 Brown Alley Suite 679
Howellport, IA 32421",N,miles

366,Michael Stuart,299-93-5060,"96985 Johnson Garden
West Robertville, ND 57510",Y,miles

367,David Hernandez Jr.,215-15-6191,"74936 Townsend Mountains Suite 920
East Jason, IL 78454",Y,miles

368,Christopher Weiss,634-88-1139,"353 Gina Manor Suite 239
Markfort, CA 44902",Y,hours

369,Terry Lee,682-97-7279,"3343 John Ramp
Stephaniefort, VT 93348",Y,hours

370,Kimberly Davis,728-14-7202,"24592 Nicholas Village
Sharonchester, VA 45372",N,hours

371,Jacob Mcguire,330-92-2719,"236 Knight Ranch Apt. 392
North Jessica, AZ 47324",N,hours

372,Lisa Holmes,808-93-1147,"02647 Lewis Islands Apt. 300
Kimberlymouth, ID 28729",N,hours

373,Rachel Johnson,483-47-6082,"91480 Stevens Tunnel
West Paul, MH 27850",Y,miles

374,Kevin Hunt,707-93-3055,"51367 Crystal Field
Kristimouth, IN 84058",N,miles

375,Amanda Cook,383-43-9802,"USS Young
FPO AA 95026",N,hours

376,Mark Bryant,717-92-2500,"150 Meredith Shoals Apt. 937
East Kevinhaven, OR 97984",N,hours

377,Connor Hernandez,617-47-0616,"49460 Elizabeth Camp Suite 570
South Brendaton, NC 48821",Y,miles

378,Matthew Moore,500-34-8413,"97659 Billy Union
Ellismouth, IN 78942",Y,hours

379,Chad Martinez,871-48-2760,"722 Duncan Station
West Daniel, MS 98952",Y,miles

380,Eric Ray,049-82-6652,"17246 Moore Villages Apt. 384
South Tracyberg, DC 47115",Y,miles

381,John Thomas,023-84-9326,"USS Jackson
FPO AP 93234",N,miles

382,Cheryl Berry,093-74-7586,"8103 Eric Brook Apt. 826
Jacksonbury, WA 66609",Y,hours

383,Nicole Fowler,542-65-9461,"922 William Ville
Angelafort, MN 09667",N,miles

384,Tammy Campbell,400-16-5507,"4076 Lisa Mission Apt. 582
Hernandezberg, KS 74700",N,miles

385,Samuel Salinas,118-23-9040,"657 Russell Walks
Lake Bethanychester, NH 69887",N,miles

386,Michael Rivera,197-29-3214,"7312 Veronica Gateway Suite 393
Jeanfort, VT 93647",Y,miles

387,Jill Rangel,631-59-7171,"Unit 3087 Box 7434
DPO AA 13621",Y,hours

388,Allen Freeman,664-47-3056,"53246 Eric Street Apt. 831
Port Lindaburgh, GA 81120",N,miles

389,Randall Rivas,166-82-4244,"PSC 4909, Box 2117
APO AE 64434",N,miles

390,Lindsay Palmer,161-79-1022,"241 Stewart Groves Apt. 093
Jasonchester, DC 57126",Y,hours

391,Elizabeth May,544-84-6124,"910 Chapman Square
Schwartzstad, WV 06021",Y,miles

392,Brittany Johnson,816-47-9377,"52122 Barry Landing
Odomstad, OK 84344",N,hours

393,Joseph Brown,481-35-4656,"58639 Blair Greens Suite 283
Mcphersonchester, FL 76035",N,hours

394,Sharon Harrison,676-53-6583,"3747 Peterson Estate
Port Bobby, MP 44955",N,miles

395,Matthew David,230-45-1422,"Unit 9078 Box 9963
DPO AP 61027",Y,miles

396,William Underwood,589-74-1865,"9174 Hill Courts Apt. 737
Whitechester, DC 64766",N,miles

397,Cynthia Ruiz,473-66-1836,"8545 Samuel Square
North Heather, MH 47471",Y,hours

398,Joshua Swanson,803-68-4779,"12688 Peter Coves
East Rebecca, FM 14495",Y,hours

399,William Chan,172-27-9796,"77783 Sandra Turnpike Suite 273
West Mary, MT 93448",Y,hours

400,Mason Jackson,203-45-9445,"657 Griffin Locks Apt. 823
East Seth, IL 58688",N,hours

401,James Wilson,093-53-9385,"28763 Lambert Skyway
East Maria, MT 51416",N,hours

402,Tammy Weaver,356-52-7212,"5219 Jones Points
South Ronaldchester, KY 92990",N,hours

403,Frank Hill,475-94-9260,"Unit 8998 Box 1069
DPO AP 65665",Y,hours

404,Marie Rodriguez,377-69-5303,"593 Shaw Plains
East Amyview, IN 94912",N,hours

405,Robert Brown,110-66-8391,"04212 Michael Expressway Suite 613
West Daniellestad, OR 49920",Y,miles

406,Jennifer Mahoney,812-38-9064,"201 Harrison Island Apt. 739
Port Danielton, PA 11045",Y,hours

407,Rodney Scott,129-47-2710,"376 Francis Tunnel
Willisburgh, TX 80188",Y,miles

408,Adam Riley,491-02-1798,"396 Bowers Road Suite 186
South Ashleyfort, SD 81802",N,hours

409,Shane Murray,398-40-4619,"177 Amanda Walks
South Kaitlyn, KY 43670",N,hours

410,Karen Morales,252-86-2502,"205 Richard Tunnel Suite 791
Cameronville, VI 54648",N,hours

411,Johnny Williams,370-57-9969,"967 Megan Station Apt. 029
West Brad, OR 92778",Y,miles

412,Jessica Medina,556-80-6892,"060 Christopher Extension
Warrenmouth, NM 37355",N,hours

413,Patrick Garcia,460-93-9549,"06596 West Branch
Cruzbury, NH 04866",Y,miles

414,Jason Fisher,588-04-8548,"09835 Wendy Summit Apt. 314
Julieborough, CO 18657",N,miles

415,Andrew Hickman,407-71-6780,"4105 Robert Parkway Suite 337
Lake Ashley, MN 79161",Y,hours

416,Anne Hernandez,502-80-8545,"PSC 9314, Box 2685
APO AP 46444",Y,hours

417,Courtney Thomas,042-18-4112,"9138 Robertson Streets
Ericksonfurt, IL 29848",N,hours

418,Thomas Garcia,833-61-8796,"8533 Rios Stream Suite 798
North Amandafurt, PR 78419",N,hours

419,Connie Boyd,227-43-8788,"61396 Mcclain Prairie
Josephshire, MD 01993",Y,miles

420,Carrie Nguyen,499-51-6711,"626 Darius Terrace
Michaelstad, AR 76141",N,miles

421,Joshua Rice,724-87-1443,"0360 Richard Track Apt. 976
Barbarashire, RI 67015",Y,miles

422,Debra Lopez,811-65-3178,"63565 Kristin Divide
Crystalborough, MT 98194",Y,miles

423,Krystal Stevens,314-68-1723,"9629 George Ville Suite 462
Gallowayton, UT 83009",N,miles

424,Michele Miller,196-77-6376,"6255 Steven Courts Apt. 294
Anthonystad, CA 97563",N,miles

425,David Jones,771-94-9127,"761 Fernandez Lodge
Romeroview, NC 28424",N,hours

426,Matthew Brown,394-58-7399,"262 Henry Turnpike
Lake Ashley, IA 49378",N,hours

427,Heather Howell,859-71-5584,"669 Vanessa Meadow Suite 786
Tuckerchester, NM 82266",Y,hours

428,Craig Sharp,410-34-4769,"52288 Wood Junctions
Mclaughlinport, AZ 28155",N,miles

429,Emily Hall,271-48-9174,"679 Reynolds Coves Suite 259
Jeffersonmouth, TN 12359",N,miles

430,Donald Hurst,895-63-7447,"895 Newman Meadow Suite 261
Janetborough, KS 46175",N,hours

431,Melissa Mitchell,061-91-3133,"USNS Obrien
FPO AA 24550",N,miles

432,Mark Koch,170-90-9972,"2157 Tammy Ridge
South Michele, AR 49968",N,hours

433,Claire Baker,759-55-2421,"USNV Ibarra
FPO AA 14041",N,miles

434,Kelly Morgan,298-51-5525,"1231 Jill Crescent
Vasquezland, NH 64903",N,hours

435,Brandon Brown,870-82-3231,"5148 Mueller Keys Apt. 797
Bryanfort, SD 72393",Y,miles

436,Barbara Hensley DDS,686-41-4761,"33655 Armstrong Point Apt. 518
South Joel, WA 37215",N,miles

437,Kimberly Taylor,314-45-7865,"PSC 2960, Box 6562
APO AE 67276",Y,miles

438,Eric Green,834-16-4961,"949 Cox Cape
West Cherylberg, NH 46598",N,hours

439,Leah Logan,059-59-1104,"6208 Karen Crossroad
South David, MS 68474",N,hours

440,Lisa Davis,430-43-3868,"879 Johnson Well
South Markview, WA 10408",N,miles

441,Ashley Gonzalez,686-77-2634,"3255 Lewis Ways
Sherryland, CA 38866",Y,miles

442,Ashley Jones,663-03-8856,"646 Ralph Street
North Davidberg, IL 20212",N,hours

443,John Boone,663-28-2647,"15691 Thomas Turnpike
East James, NH 60966",Y,hours

444,Tiffany Middleton,624-01-2396,"90525 Nicole River
North Hannah, MA 62119",N,miles

445,Melissa Guzman,333-44-2471,"7380 Mary Shores Apt. 726
North Hannah, NE 42427",Y,hours

446,Steven Estrada,469-66-1676,"89143 Katelyn Springs
Lake Stevenland, MA 21246",N,miles

447,Kelly Burke,672-09-3264,"Unit 7953 Box 6320
DPO AP 05394",N,miles

448,Alison Maxwell,607-94-2774,"860 Dawn Field
East Kathyview, TN 51665",Y,miles

449,Rick Booth,629-49-3272,"6203 Michelle Creek Suite 671
West Denisefurt, TN 04951",N,miles

450,Christopher Franklin,314-41-0217,"4894 Alyssa Squares Apt. 677
North Alisonport, CT 41747",N,miles

451,Mary Griffith,177-31-6875,"940 Christopher Village Suite 145
North Howard, LA 17196",N,hours

452,Jocelyn Wang,664-40-2875,"4661 Rivas Key Suite 044
East Johnmouth, PW 11503",Y,miles

453,Lauren Rose,384-56-3985,"72059 Young Locks
East Jacobton, OR 03910",Y,miles

454,Michael Johnson,331-80-3477,"62506 Ronald Isle Apt. 350
Wilsonborough, VI 66570",Y,miles

455,Christina Fleming,236-83-1060,"61908 Houston Canyon
Richardside, VA 98590",Y,miles

456,Travis Walker,607-16-4622,"6294 Gonzalez Isle Suite 862
Lake Melanie, VA 22250",N,miles

457,Michael Butler,091-56-3098,"592 Caitlin Walks
Christinastad, IN 58685",Y,miles

458,Charles Vazquez,554-73-7430,"1040 Luis Springs
Bryantbury, FM 27722",Y,hours

459,Sandra Golden,605-15-6251,"27677 Zimmerman Crest Apt. 029
New Elizabethtown, DE 59005",Y,miles

460,John Campbell,095-66-0588,"7571 Williams Curve Apt. 287
Lake Paulfort, KS 81209",Y,hours

461,Chris Lyons,820-99-5676,"928 Kaitlyn Parkways
Clementsfort, AK 12512",N,hours

462,Connie Peterson,149-66-2120,"318 Simon Rue Suite 222
Chandlerchester, MA 30935",N,miles

463,Barbara Nelson,313-64-7621,"128 Taylor Shore Apt. 785
South Melissaland, AL 90609",Y,hours

464,Megan Walton,303-89-9329,"8290 Marilyn Junction
Moraton, IL 14937",N,miles

465,Heather Hammond,421-08-4754,"4753 Santana Throughway
West Austin, GU 10096",Y,miles

466,Jennifer Hanson,132-01-6346,"351 Paige Mill
East Elizabethborough, AR 22336",N,hours

467,Joseph Smith,741-34-8035,"20504 Lane Garden
Williambury, CT 92155",N,miles

468,Erica Wheeler,379-09-4847,"09548 Johnson Gateway
Jessicaberg, KS 64696",Y,hours

469,Roy Williams,290-65-7882,"7395 Karen Spur Apt. 221
Boylefurt, MO 43340",Y,hours

470,Jonathan Christian,356-45-4921,"869 Booth Ridges Suite 824
Port Krystal, FL 46536",Y,hours

471,Sarah Gomez,169-13-4471,"48826 Smith Drive
Beasleyborough, VT 16371",N,miles

472,Holly Sanford,247-99-0415,"653 Davis Road Apt. 090
Jenniferport, MD 77896",N,hours

473,Jason Wheeler,731-45-0055,"26191 Baker Ridge
Port Tonihaven, WI 98095",Y,hours

474,Brian Myers,729-43-5478,"789 Sanford Mountains Apt. 462
Lake Charlottefurt, AK 01829",N,miles

475,James Henson,568-80-1571,"2983 Jonathan Way
East Stephaniebury, MS 49734",N,hours

476,Samantha White,319-69-2557,"Unit 0435 Box 5483
DPO AP 27590",Y,hours

477,Kimberly Rodriguez,582-49-2489,"PSC 6646, Box 3176
APO AE 94108",N,hours

478,John Snyder,305-56-2794,"PSC 1687, Box 7077
APO AP 78319",N,hours

479,Erin Valenzuela,300-28-0489,"452 Patricia Trail
West Bradley, AZ 57854",Y,miles

480,Robert Wright,734-27-8095,"254 Mary Highway
North Angela, FL 57562",Y,miles

481,David Mendoza,459-98-4736,"784 Smith Manor
Pittschester, DE 17619",Y,hours

482,James Schroeder,484-53-2939,"735 Wong Valleys Apt. 093
Coxmouth, ID 00728",N,miles

483,Sarah Garrison,678-29-5176,"1605 Smith Groves Apt. 900
South Susanfort, IL 92945",N,miles

484,Phillip Murphy,862-16-8784,"8510 Smith Pike Apt. 335
South Mason, LA 57307",Y,hours

485,Allison Miller,474-21-0445,"334 Knight Haven
Lindseystad, PA 35282",N,hours

486,Lindsey Parker DDS,445-52-2954,"897 Farrell Shore
Whitakerfurt, MP 90495",N,hours

487,Kimberly Delacruz,765-75-6550,"0849 Christopher Falls
New Stevenborough, MT 20237",N,hours

488,Teresa Lang,509-87-0376,"5728 Brown Turnpike
New Christopherstad, MH 84221",N,miles

489,Olivia Mcdowell,143-53-3431,"359 Becker Inlet
New John, GA 72994",N,hours

490,Jamie Norris,857-58-2672,"PSC 0886, Box 0227
APO AA 24189",Y,miles

491,Heather Hamilton,728-49-7376,"490 Brewer Gateway Apt. 824
West Stacybury, LA 02963",Y,miles

492,Dana Reid,828-24-5211,"745 Martinez Roads
East Jeffrey, WV 80688",Y,hours

493,Maria Wood,481-55-8171,"972 Marcia Oval
Port Michael, VA 09022",N,hours

494,Brenda Orozco,616-20-5556,"968 Carr Roads
New Charles, AK 06835",N,hours

495,Rachel Jordan,625-34-7162,"6493 Robert Manors
Brownville, NE 86417",N,hours

496,Charles Williams,243-46-9758,"37411 Mercer Mountains Suite 747
Lake Dustin, OH 96260",N,hours

497,Andrew Adams,444-83-5122,"630 Smith Brooks
East Gabriela, MO 35097",N,miles

498,Lauren Rollins,522-35-0899,"202 Cole Lodge Apt. 011
Port Lauraport, IL 89894",Y,hours

499,Maria Clark,876-56-9867,"6726 Tina Divide Suite 751
North Richardmouth, MA 26295",Y,miles

500,John Barnes,439-97-9763,"977 Samantha Orchard Suite 955
Port Stephen, MS 67551",N,miles

501,Holly Morris,895-09-5018,"712 Jared Rapid Apt. 261
South Harry, MS 78957",N,miles

502,Kevin White,677-78-1870,"60956 Christine Station Suite 249
New Jessicaland, NY 52001",N,miles

503,Craig Elliott,845-55-5503,"55513 Hill River Suite 987
West Daniel, UT 04323",N,hours

504,Jason Stone,027-35-3174,"0974 Michele Court
South Lisa, OH 73002",N,miles

505,Ana Jackson,154-84-9078,"67327 Miller Manor
New Jeffrey, TX 12724",Y,miles

506,Rachel Nunez,785-32-3176,"544 Turner Route
Howardton, MT 89859",N,miles

507,Brandon Hart,429-53-0673,"043 Jenna Meadow Suite 750
Brianstad, TX 92971",N,miles

508,Christine Lawrence,249-76-6879,"0410 Summers Curve Suite 926
Richardstad, PW 56514",Y,hours

509,Samantha Hudson,541-38-7281,"2234 Shelton Field Apt. 155
East Arthur, DE 09607",N,hours

510,Christopher Neal,578-32-9709,"3354 Hill Drive
East Brian, DC 25645",N,hours

511,Dennis Cooper,072-18-7826,"62891 Kimberly Ridge Suite 958
New Peter, UT 98569",Y,hours

512,Nathaniel Boone,201-64-8508,"63410 Christopher Court
Clarkshire, NJ 10913",Y,hours

513,Chris Perez,892-81-6504,"76106 Lori Lodge Suite 682
North Ryanberg, WA 82514",Y,miles

514,Eric Burke,564-48-1650,"95272 Denise Plain Suite 098
Elizabethberg, VT 81683",Y,hours

515,Brandon Conway,759-35-7404,"39551 Darren Ramp
Melissaview, DC 06231",Y,miles

516,Cynthia Harding,270-28-2788,"PSC 0936, Box 5152
APO AA 85774",N,miles

517,Melissa Schmitt,066-50-7345,"15315 Mills Fields Apt. 692
Lake Dawnbury, AL 55008",Y,hours

518,Lisa Bennett,589-18-8172,"PSC 9217, Box 6022
APO AP 55646",Y,hours

519,Jamie Garcia,114-25-5887,"673 Smith Pines
Port Wendyfurt, PW 94087",Y,hours

520,Angela Gonzalez,778-42-2687,"9265 Jones Harbors
East Kristen, MH 11131",Y,miles

521,Maria Welch,864-29-7384,"PSC 0916, Box 0412
APO AP 80994",Y,hours

522,Alan Robbins,710-15-0771,"78653 Estes Garden
North Martinport, CT 36210",N,miles

523,Jessica Vazquez,898-31-4340,"7966 David Shoals
Port Lorimouth, CO 04739",Y,hours

524,Michael Martinez,126-95-5849,"3149 Young Trace Apt. 374
West Rachael, WV 34942",Y,hours

525,Peter Cook MD,377-46-1152,"30524 Brenda View
Lake Andrewchester, MP 27674",Y,hours

526,Stephen Torres,074-30-6231,"545 Giles Valleys
East Vincentmouth, MT 82121",N,hours

527,Stacey Jones,217-28-3868,"748 Ashley Lock Suite 221
Rachelside, MT 64338",Y,miles

528,Jason Diaz,782-82-9234,"Unit 9508 Box 8981
DPO AP 31414",N,miles

529,Stephen Dickson,121-08-5999,"17635 Hall Village Suite 514
Jonesborough, WA 67904",Y,miles

530,Karen Crawford,503-08-9241,"23251 Maria Meadows
Johnbury, ID 23148",Y,miles

531,Shane Taylor,625-57-2741,"PSC 5707, Box 7265
APO AA 34709",Y,hours

532,Sarah Rodriguez,647-76-8980,"0025 Paula Station Apt. 538
Hernandezfurt, KS 40801",N,miles

533,Susan Price,486-88-2309,"0750 Leon Cove Apt. 711
East Paula, VA 59693",N,hours

534,Michelle Wright,846-99-1610,"587 Hunter Walk Suite 677
East Donnatown, RI 31272",Y,miles

535,Selena Francis,809-82-5392,"5239 Peterson Unions Apt. 904
Lake Patricia, PR 07209",Y,miles

536,Christopher Goodwin,405-92-7186,"19341 Williams Creek
Taraland, RI 32776",Y,miles

537,Walter Castillo,078-53-9363,"853 Douglas Street
North Brianfort, MS 48411",N,miles

538,Kyle Walsh,634-04-1190,"40368 Smith Path Apt. 727
Gibsonmouth, PR 45051",Y,hours

539,Brian Curtis,333-55-1415,"83617 Lloyd View Suite 750
West Logan, MT 20480",N,hours

540,Ricky Meyers,612-91-8650,"07048 Hall Squares
Hensonbury, FM 30296",N,miles

541,Stephen Hayes,408-24-3491,"956 Gonzales Inlet
East Lancebury, IN 46028",Y,hours

542,Virginia Le,883-10-2100,"284 Tracy Parkways Apt. 528
West Alyssa, ME 42973",N,miles

543,Justin Gibson,462-17-6775,"37986 Stout Forges
Marcview, TX 52370",N,hours

544,Daniel Ross,632-86-8710,"7428 Williams Haven
Tiffanyview, AZ 67159",Y,miles

545,Thomas Owen,714-84-1238,"05728 Esparza Streets Suite 743
Carsonside, HI 37184",N,hours

546,Rachel Jones,270-45-1624,"918 Tony Port Suite 329
Charlesbury, MS 54543",Y,hours

547,Judith Logan,619-77-6728,"705 Luna Port
South Samuel, MT 19451",Y,miles

548,Jennifer Herrera,286-32-8944,"09636 Vaughan Cove Apt. 604
Luisburgh, MN 73575",N,hours

549,Robert Gonzalez,138-86-3857,"289 Ramirez Prairie
New Maria, IN 20095",Y,hours

550,Dalton Rasmussen,146-64-1786,"15953 James Canyon
Samanthatown, WA 23131",Y,miles

551,Paul David,529-99-0656,"624 Janice Groves
South Daniel, VA 38516",N,miles

552,Ronald Brown,746-50-1487,"9171 Gabriel Prairie Suite 843
Lake Brendafurt, OH 79187",Y,miles

553,Jose Kent,839-37-0548,"79458 Courtney Inlet Suite 167
South Randall, CO 29767",N,hours

554,Beverly Allen,792-08-3971,"54937 Evans Coves
East Melissa, NV 76394",N,hours

555,Joshua Duran,299-06-5808,"472 Katherine Estates Suite 576
Taylorfurt, OH 00558",Y,miles

556,Scott Parker,332-96-0809,"48297 Rachel View
Jessicachester, NE 71829",Y,hours

557,Jeremy Leblanc,233-56-7862,"Unit 0389 Box 6062
DPO AA 86559",Y,miles

558,Kristopher Montgomery,529-99-9082,"56538 Gilmore Terrace Suite 108
West Thomastown, SC 71044",Y,miles

559,Jill Young,868-44-6656,"499 Barber Branch Suite 074
Caseymouth, PR 80374",Y,miles

560,Matthew Lewis,404-73-9067,"29331 Walter Crescent Apt. 400
Jeffreyborough, KS 87812",N,miles

561,Jeff West,150-91-8907,"3778 Kevin Village Apt. 278
Samanthaland, MO 64634",Y,hours

562,Travis Watts,102-30-1286,"684 Love Coves
Derekberg, FL 62435",N,miles

563,Mary Brewer,058-69-4222,"03261 Tammy Center Suite 056
Pricestad, ME 47288",Y,miles

564,Nathaniel Evans,888-51-7804,"25762 Ashley Spur
Jessicamouth, MN 22077",Y,hours

565,Mrs. Tammy Winters,602-40-6728,"25768 Graham Throughway Apt. 642
Port Tyler, MO 81434",Y,hours

566,Keith Garza,012-53-9843,"433 Wilson Camp
Watsonborough, ME 83642",Y,miles

567,Danielle Pittman,748-03-7653,"37989 Swanson Center
Boyerburgh, IL 18013",N,miles

568,Stacy Deleon,358-38-7357,"71521 Smith Fort
North Andreamouth, FM 57675",N,miles

569,Laura Hill,896-82-0353,"15010 Brooke Key Apt. 450
Nicholaschester, MO 38691",N,hours

570,Cynthia Nunez,456-42-2785,"867 Kelly Dale
Port Kyle, OK 78153",Y,hours

571,Timothy Willis,286-30-4865,"62947 Susan Parkways
Petersshire, DC 42761",N,miles

572,Erika Sharp,671-05-4653,"PSC 2079, Box 8833
APO AP 45707",N,hours

573,Jennifer Calhoun,772-06-3274,"971 Angela Glen
Cannonbury, VT 93984",N,miles

574,Dean Castillo,039-52-7959,"9309 Moore Throughway
West Kristin, AK 16801",N,miles

575,Miguel Fitzpatrick,895-99-5226,"0959 Richard Ways Apt. 304
Jamesberg, NY 17745",N,miles

576,April Smith,850-74-9713,"09138 Deleon Coves Suite 044
Pearsonside, MO 56932",Y,miles

577,Emily Payne,024-80-7923,"97453 Spencer Ridges
South Emilyhaven, PA 98083",Y,miles

578,Tracy Holland,344-90-6136,"962 Johnson Trafficway
Port Jamie, PR 71732",Y,miles

579,Cynthia Rodriguez,771-11-9463,"18526 Mcconnell Coves Suite 895
Carlosborough, KY 97655",N,hours

580,Terri Kent,159-37-6493,"639 Roy Station Apt. 359
Johnsonside, IN 79491",Y,miles

581,Carmen Ball,520-86-3859,"4000 Jones Overpass Suite 562
Ashleyfort, OK 45654",Y,hours

582,Julie Johnston,211-12-2306,"720 Jennifer Spurs Suite 785
Port Latashastad, IN 38484",Y,hours

583,James Murillo,189-11-2421,"064 Keller Prairie Apt. 951
Atkinsbury, FL 78007",N,miles

584,Danielle Smith,506-32-1823,"0304 Erika Hollow Suite 936
North Rebekah, TX 79637",Y,hours

585,Taylor Cox,340-12-8170,"35713 Anderson Overpass Apt. 753
Scottside, MN 66449",Y,miles

586,Phillip Smith,466-21-2364,"226 Jacqueline Mill Apt. 205
Sellersburgh, KY 73779",N,hours

587,Laura Mcintosh,686-36-6017,"564 Vasquez Orchard
New Robert, WY 69765",N,hours

588,Kathleen Parrish,297-66-3298,"633 Kathy Well
Port Kimberly, PR 86362",N,hours

589,Tracy Ortiz,574-32-2464,"394 Rivera Highway
Johnsonville, NJ 82298",Y,hours

590,Kathleen Pearson,899-25-8012,"18395 Armstrong Passage Apt. 423
Port Shannon, OK 63545",N,miles

591,Ebony Tran,254-91-6989,"315 James Route Suite 569
New Ericaborough, WA 05075",N,miles

592,Alyssa Bartlett,123-96-3632,"59272 Weiss Alley Suite 757
Jerryborough, UT 55990",Y,hours

593,Ruben Anderson,201-08-6704,"028 Andrea Stream
Evansmouth, SC 23362",Y,miles

594,Eric Smith,568-89-7260,"778 Paige Mill
East Jamesborough, VT 25126",Y,hours

595,Amanda Wilson,326-31-1554,"63002 Robert Forges
Morrisonberg, OK 51142",N,hours

596,Megan Smith,090-75-9262,"1297 Vanessa Divide Suite 673
Deannachester, AR 79848",Y,miles

597,Holly Green,679-93-2148,"18879 Paul Vista Apt. 184
East Raymondshire, CO 57653",Y,miles

598,Eric Russell,222-63-3857,"3933 Sarah Parks
Chelseaborough, OK 16717",Y,hours

599,James Mooney,683-07-7018,"Unit 2601 Box 1946
DPO AP 87084",Y,miles

600,Shelia Vincent,078-12-3098,"6828 Zachary Summit Apt. 410
Jamestown, KY 72089",Y,hours

601,Elizabeth Stevenson,319-55-6007,"3376 Gardner Summit Apt. 541
Timothytown, AS 21682",N,hours

602,Joshua Schneider,474-89-5511,"27067 Mary Pass Apt. 584
North Jeffery, UT 41180",Y,miles

603,Taylor Shepard,494-90-0996,"0006 Kim Court
Armstrongshire, WI 04248",N,hours

604,Samantha Avila,622-58-0610,"6690 Thomas Mountains
West Maria, MP 42247",N,hours

605,Eric Flores,209-79-0478,"932 Stephanie Court
Melindamouth, MH 93249",Y,miles

606,Shannon Jones,336-03-6073,"PSC 8200, Box 7800
APO AA 09449",Y,hours

607,Troy Oneal,733-56-8916,"PSC 3322, Box 0282
APO AP 40616",N,miles

608,Bill Bell,791-04-5700,"46245 Smith Ramp
North Sandramouth, AL 75810",Y,miles

609,Brandi Pearson,824-32-2341,"236 Phillips Forge
New Edward, IA 91658",N,hours

610,Tina Weaver,825-08-0716,"0290 Gomez Hill Suite 932
South Christineland, LA 72866",N,hours

611,Elijah Wood,878-68-9492,"483 Suarez River Suite 627
Anthonyview, HI 93156",Y,hours

612,Alice Hernandez,551-72-0135,"37638 Cherry Villages
Diazmouth, NC 29378",Y,hours

613,Deborah Williamson,846-48-5279,"Unit 1949 Box 5800
DPO AA 13976",Y,hours

614,Ashley Wilson,798-65-0858,"299 Moore Place Suite 763
Port Robert, CT 01768",N,miles

615,Donna Hunt,390-65-8642,"PSC 4401, Box 3852
APO AE 71382",Y,hours

616,Megan Kim,523-79-3727,"492 Smith Junctions Apt. 544
Lake Josephton, CT 09956",Y,miles

617,Christopher Hoffman,548-98-2662,"0328 Rogers Crescent
New Michelleshire, GU 74222",N,miles

618,Phillip Flores,041-63-9106,"005 Torres Orchard Suite 646
Zacharyburgh, AS 81322",Y,miles

619,Melanie Smith,598-54-4011,"210 Gail Passage
Brownhaven, VT 04955",Y,hours

620,Robert Rios,162-89-6442,"43340 Wright Vista Suite 455
Martinmouth, NC 61726",Y,miles

621,Peggy Adams,649-78-7151,"5725 Patrick Orchard Suite 434
North Tyler, IN 31234",N,hours

622,Juan Patton,314-67-7215,"173 Rebecca Plains
South Scottburgh, SC 07928",Y,hours

623,Rachel Hall,244-74-6492,"PSC 1397, Box 0760
APO AP 90745",Y,hours

624,David Reyes,147-29-2709,"9315 Giles Centers Apt. 902
South Clayton, CT 01662",Y,miles

625,David Adkins,575-66-4626,"562 Medina Station
Michelleview, NC 43090",Y,miles

626,Lauren Peters,618-16-8728,"5047 Gabriel Isle Apt. 486
Lake David, NC 80021",N,miles

627,James Kline,227-01-4358,"0357 Parker Lock
Arianaside, MT 26777",Y,miles

628,James Fuentes,889-50-6405,"71410 Daniel River
East Connieland, CT 45000",N,hours

629,Robert Castaneda,453-89-9982,"77869 Sara Shoal Apt. 861
Port Nicholaschester, SC 17843",N,miles

630,Daniel Perry,591-99-7635,"USNV Wright
FPO AA 78316",Y,hours

631,Brandy Smith,222-47-1093,"464 Sarah Plaza Suite 152
Richardborough, AS 88667",N,hours

632,Casey Payne,152-72-9425,"16311 Anthony Ford Apt. 396
East Jacquelineburgh, CT 07924",Y,hours

633,Todd Reed,861-37-1734,"414 Bell Orchard Suite 380
West Sandraport, NH 25916",N,hours

634,Dawn Richard,284-52-2335,"63091 Espinoza Flats Suite 413
Williamsbury, ID 93403",N,hours

635,Christine Hunter,842-67-4738,"4472 Murillo Ford Suite 412
Joshuachester, TN 84603",Y,miles

636,Paul Horne,603-57-9372,"03211 Cooke Stream
Lake Raymondton, PR 52211",Y,hours

637,Christopher Aguilar,415-16-0340,"10561 Fuentes Orchard Apt. 047
South Robertton, LA 13387",N,hours

638,Jason Jordan,377-61-9407,"109 Michelle Meadow
New Williamside, IL 32538",N,miles

639,Samantha Myers,053-43-5051,"98505 Lawson Hills Apt. 542
Thomashaven, MN 61822",N,miles

640,Lucas Smith,680-83-8514,"194 Alexander Greens
Rothburgh, AS 62385",Y,miles

641,Zachary Miller,500-72-2281,"8239 James Burgs
Port Matthew, SC 49810",Y,miles

642,Mr. Justin Hernandez,223-59-4166,"67252 Sanders Causeway Apt. 315
South Amanda, SC 06898",N,miles

643,Michelle Taylor,878-47-8161,"75051 Wagner Canyon
Angelaside, NC 77325",N,miles

644,Roy Jimenez,302-16-0701,"27191 Carter Junction
Port Ianborough, OK 93095",N,hours

645,Erica Olson,549-77-4470,"63233 Thompson Rapids
Tracychester, DC 47475",N,miles

646,Christina Strickland,621-78-4090,"2349 White Islands
West Charles, ND 19097",Y,miles

647,Tom Dickerson,373-72-2910,"7872 Maynard Underpass
East Stevenview, TX 07034",N,miles

648,Charles Tucker,625-23-2791,"7599 Caleb Springs
New Shelby, OR 93874",N,hours

649,Evelyn Chapman,258-87-3510,"18866 Jessica Route Suite 045
Port Dale, WI 10066",Y,hours

650,Kenneth Simmons,387-70-4231,"6262 Brooke Bridge Apt. 220
Lake Gloria, ME 66302",Y,hours

651,Melanie Brewer,800-91-1000,"675 Mendoza Ville
Benjaminfurt, GU 01495",Y,hours

652,Michael Hunter,832-24-9725,"40535 Craig Loaf
Adamsland, IL 33556",N,miles

653,Joseph Smith,402-61-7730,"3456 Brandi Road
Port Vickie, IN 03909",N,hours

654,Jocelyn Kennedy,570-77-9611,"68434 Stephen Lock
North Codyberg, AL 89484",N,miles

655,Sandra Harris,801-87-0562,"8309 Jennifer Burg Apt. 713
Port Nicholaschester, ME 39536",Y,hours

656,James Kennedy,873-84-2113,"PSC 1675, Box 5591
APO AA 25737",N,hours

657,Jordan Torres,134-35-5397,"760 Meghan Landing Apt. 479
South Caroline, AR 48215",Y,hours

658,Deanna Hawkins,408-81-2611,"27571 Evan Ridges Apt. 423
North Victoriafurt, MP 92116",N,miles

659,Patricia Ponce,519-80-9607,"91529 Rachel Trace Suite 788
Brianport, AS 90389",Y,hours

660,Eric Brown,782-61-0411,"90474 Robert Well Suite 109
East Dustinside, OH 14836",Y,hours

661,Janice Sanchez,807-82-0488,"48761 Daniel Ridge Suite 732
Meltonfort, NY 18043",Y,miles

662,Mrs. Jessica Johnson,399-48-9087,"482 Turner Points Suite 448
Lorishire, KY 90631",Y,hours

663,Cassie Howard,157-74-8636,"703 Denise Mountain
West Russellfurt, ID 26299",Y,miles

664,Andrew Swanson,142-84-2767,"PSC 7657, Box 8832
APO AA 13351",Y,hours

665,Tracy Mclaughlin,662-38-1889,"1105 Jacob Garden
Dawnfort, NC 96103",N,hours

666,Bryan Bass,547-15-7495,"07392 Medina Islands Suite 922
South Timothy, MS 27897",Y,hours

667,Christine Jones,003-18-4578,"Unit 1203 Box 8045
DPO AA 27431",N,miles

668,Christina Garcia,022-94-5697,"764 Maria Expressway Apt. 162
Lake Laurenstad, NE 05872",Y,hours

669,Scott Fisher,302-56-7604,"55759 Kennedy Trail Apt. 998
Port Melissa, WY 52376",N,miles

670,Joseph Fernandez,449-56-1762,"915 Michael Springs
North Julieborough, MO 25267",Y,hours

671,James Arellano,011-15-9848,"97801 Jeffrey Loop Suite 462
Brownport, AL 92884",N,miles

672,Maureen Mitchell,888-95-2661,"9026 Austin Pike
Robinsonside, HI 52481",N,miles

673,Amanda Davis,523-98-8002,"6198 Gutierrez View
Eddiehaven, RI 13795",Y,miles

674,Mark Lindsey,014-98-6401,"2794 Thomas Squares
West Ericchester, OH 88979",Y,miles

675,Sharon Lawrence,490-56-5462,"PSC 2512, Box 9629
APO AP 69983",N,miles

676,Mr. Brett Bradford,183-84-7118,"06586 Boyd Road
Aprilside, UT 10141",N,hours

677,Joel Anderson,231-93-0326,"35560 Greene Fall
Wardville, GA 05944",N,miles

678,Dawn Hudson,372-80-8379,"8875 Matthew Wall Suite 290
South Gregoryshire, CT 80692",Y,miles

679,Robert Moore PhD,737-66-8664,"74058 Sarah Garden
Taylorburgh, RI 73185",Y,miles

680,Heather Evans,052-15-6275,"1355 Jesus Circle
Crystalborough, AK 11595",N,hours

681,Jeffrey Lewis,428-98-5775,"053 Lisa Station
Kiddmouth, WI 57434",N,hours

682,Amy Wong,227-87-2328,"0763 Dunn Neck Apt. 899
Greenview, MT 78904",Y,hours

683,David Miller,495-44-3502,"4363 Alexandra Track Apt. 968
Kevinfort, KS 03394",Y,miles

684,Michelle Rogers,152-27-1236,"2596 Nicholas Points
Bennettfort, MD 20116",N,hours

685,Amanda Wilkinson,172-07-3147,"38547 Jenkins Road Suite 151
North Stevenchester, MN 84560",Y,miles

686,Ashlee Gutierrez,277-39-1135,"63361 Collins Walks
Lake Darren, PA 97410",Y,miles

687,John James,669-38-5862,"9652 Steve Trafficway Apt. 403
Dustinmouth, NV 41834",N,miles

688,Mary Salinas,327-10-8021,"3242 Adrian Oval
Lake Vanessamouth, ID 18305",Y,miles

689,Brenda Clark,842-11-4816,"9682 Joseph Isle Suite 722
East Debraburgh, ID 70268",N,hours

690,Ronald Nolan,646-01-9707,"USS Brock
FPO AP 51320",N,hours

691,Thomas Martinez,838-69-8608,"44236 Lisa Street Apt. 528
New Royport, SC 79551",Y,miles

692,Patricia Lin,453-19-6362,"189 Savannah Landing Apt. 323
Williamsview, NV 90275",N,hours

693,John Wells,018-37-2660,"3023 Wilson Trace
Robertfurt, ME 16885",N,miles

694,Amanda Molina,506-64-9503,"52339 Pena Estates
Port Saramouth, MO 65493",Y,miles

695,Mikayla Bradley,038-60-8072,"487 Tyler Prairie Suite 796
Colemanbury, DC 44077",Y,hours

696,Jennifer Moore,825-70-7991,"9441 Hubbard Plaza Suite 958
Heathermouth, DE 26545",Y,miles

697,Stephanie Wells,437-54-1688,"6601 Garcia Dam
North Emily, MO 30193",Y,hours

698,Tammy Lang,248-66-8545,"8235 Alexa Extensions Suite 747
Erikafort, MP 76338",Y,hours

699,Erika Johns,292-64-0086,"91488 Christopher Locks Suite 263
Torresberg, OR 63527",Y,miles

700,Janet Harrison,061-30-7239,"7654 Antonio Junction
Lewisville, GA 51729",Y,hours

701,Leon Moore,224-14-5059,"782 Lewis Corner Apt. 207
South Bryanbury, VA 89913",Y,hours

702,Jessica Martinez,847-68-2678,"1567 Johnson Streets
Port Scott, CT 53505",Y,hours

703,Brianna Washington,048-21-5229,"05969 Sarah Place
East Denise, FM 11980",Y,hours

704,David Rodriguez,167-63-4238,"59797 Thomas Points
Bradleybury, VI 04994",N,miles

705,Allison Singh,048-93-2536,"628 Cook Rapid
West Richard, UT 74444",Y,hours

706,Ricardo Curry,654-65-4699,"757 Matthew Rest Apt. 691
Jenningsport, NE 63747",Y,miles

707,James Burgess,272-62-3510,"4758 Morgan Manor Apt. 738
Port Andreamouth, TN 84163",Y,hours

708,Linda Atkins,404-10-9355,"Unit 1367 Box 3519
DPO AA 62687",N,miles

709,Samantha Sanchez PhD,187-12-2858,"13180 Long Fords
Wilsonborough, AS 09324",Y,miles

710,Richard Sanders,268-96-0153,"929 Mora Isle
North Anthonytown, AL 18673",Y,hours

711,Kayla Santana,796-82-3093,"73816 Jared Groves
East Mckenzieton, AS 45403",Y,miles

712,Stephen Ellis,470-57-7400,"0700 Michael Common
Ianstad, PA 53797",Y,hours

713,Laura Frazier,289-23-7867,"7732 Ford Point
Wrightburgh, MP 67974",N,hours

714,Tracy Underwood MD,758-25-5667,"44231 Tracy Drive Apt. 874
Jessicaberg, NV 90225",N,miles

715,Angela Sullivan,789-80-9462,"70915 Charlotte Mountain Suite 202
East Frank, WV 06160",N,miles

716,Amanda Mathews,071-81-6770,"199 Melissa Views
South Brianberg, SD 71450",Y,miles

717,Wayne Mills,764-92-8700,"PSC 8513, Box 0349
APO AP 90520",N,hours

718,Bruce Chavez,558-55-6168,"08832 Jason Tunnel Suite 953
West Michael, WV 68876",N,miles

719,Alfred Walton,705-11-1874,"PSC 0552, Box 9865
APO AE 88612",N,miles

720,Charles Mcclure,565-95-1799,"674 Brown Underpass Apt. 707
Lake Dominicchester, AR 52606",Y,miles

721,Elizabeth Murray,073-88-3084,"6984 Zachary Square
Selenashire, SC 80665",N,miles

722,Peggy Miller,790-99-7788,"53159 Smith Light
Lake Anthony, MH 39758",N,miles

723,Melissa Hall,707-29-7385,"6285 Schmitt Spurs Suite 511
Aprilbury, WA 49296",Y,miles

724,Bruce Meyer,210-41-7741,"0647 Shirley Drives
Port Andreaborough, OK 63300",N,miles

725,Carlos Silva,375-14-6400,"8281 Timothy Road
Richardston, AL 27640",N,hours

726,Jessica Little,756-76-8402,"01657 Robert Tunnel
Lake Jennifer, CO 32050",Y,hours

727,Cory Smith,064-86-8715,"Unit 2499 Box 9677
DPO AA 63358",Y,hours

728,Michael Franklin,635-75-2213,"54981 Christopher Rue
Gaytown, SC 12222",N,hours

729,Roberto Dixon,600-03-7758,"USS Wheeler
FPO AE 55110",Y,miles

730,Jose Jones,509-01-9901,"56624 Newton Glen
Lake Edwardberg, VI 43509",Y,hours

731,Jason Potter,745-92-4690,"93007 Hale Islands Suite 657
Andreamouth, WA 35674",Y,hours

732,Evan Oliver,558-38-7746,"504 Vincent Groves
Port Michellechester, AK 54200",N,miles

733,Daniel Norman,237-74-0564,"PSC 3521, Box 8696
APO AP 46816",N,miles

734,Allen Russell,061-89-5814,"230 Harris Key
Lake Christopher, MA 49775",Y,miles

735,Nicole Berger,378-64-7274,"04896 Bell Burg Apt. 006
North Laura, ME 57783",Y,miles

736,Lisa Smith,678-67-8004,"936 Heather Ranch Suite 191
Brianville, NM 98505",Y,hours

737,Jillian Gordon,701-31-3209,"542 Richardson Ports
Trevormouth, FM 88070",N,hours

738,Brenda Ochoa,897-02-1463,"6747 Lopez Spurs
Mcdonaldbury, IN 50104",N,miles

739,Dennis Price,526-90-3063,"656 Gonzalez Brooks Suite 877
Crystalshire, HI 10193",N,miles

740,Courtney Hughes,120-87-8889,"USNV Mora
FPO AE 56645",N,miles

741,Cheryl Jones,327-76-4334,"9834 Vaughn Plaza
West Danashire, WI 60739",N,miles

742,Jacqueline Chapman,213-83-4312,"154 William Center Suite 305
East Samantha, MP 70269",N,hours

743,Cody Banks,094-34-8684,"USS Montgomery
FPO AE 41653",N,hours

744,David Perez,632-13-3046,"512 Sara Cliff
Davidshire, MA 40678",N,miles

745,Christopher Hoffman,304-06-5650,"57013 Stevens Trail Suite 743
Fitzpatrickton, ME 21800",N,miles

746,Sharon Ramirez,634-73-9145,"8316 Emily Place
Jonesside, MD 74321",Y,hours

747,Justin Thompson,094-40-1650,"87611 Lee Lock
East Kellymouth, MO 48488",N,hours

748,Ashley James,811-92-3969,"4021 Sara Drive
Michaelshire, DE 54944",N,miles

749,Tina Webster,603-31-8693,"886 Thomas Dale
Arnoldstad, NC 51133",Y,hours

750,Andrew Dalton,001-10-5912,"594 Davis Tunnel
South Jeffrey, VA 09767",Y,hours

751,Patricia Cox,432-42-1050,"9809 Rodriguez Park Apt. 476
Sherryland, SC 63299",Y,miles

752,Melissa Flynn,028-56-0507,"854 Lee Knolls Suite 663
Brianstad, WY 49653",N,miles

753,Kelly Garrett,418-21-2457,"098 Daniels Underpass Apt. 102
East Michaelmouth, LA 66896",N,hours

754,Ashley Cooper,702-84-2514,"903 Edwards Motorway
Johnbury, MN 94042",Y,hours

755,Kimberly Hall,369-17-4828,"117 Erin Drives Apt. 857
Benjaminborough, ID 07066",N,hours

756,Kathryn Dennis,528-13-6089,"4279 Huff Meadow Suite 808
Taylorville, SD 12445",Y,hours

757,Christopher Long,301-97-6325,"539 Heidi Prairie
Santiagobury, VT 52869",Y,hours

758,Robert Ramsey,704-22-7470,"PSC 9969, Box 4593
APO AA 39709",N,hours

759,Austin Roberson,758-13-2860,"4480 Atkins Plain Suite 786
Woodsburgh, CT 79376",N,hours

760,David Cortez,081-75-3129,"8747 May Plaza
Wallaceside, PW 84461",Y,miles

761,Ryan Jones,514-60-8762,"936 Daniel Views Apt. 933
West Michelle, MH 69648",Y,miles

762,Gerald Ross,824-74-0472,"Unit 0532 Box 1418
DPO AA 20328",N,miles

763,Erin Chandler,792-09-2171,"89355 Rose Plaza
Port Shelbychester, MN 82704",N,miles

764,Anita Jones,516-77-3193,"0735 Wiley Station
Port Donaldtown, NV 21797",N,hours

765,Denise Casey,425-43-2853,"5290 Crystal Passage
New Kaitlynside, PW 19324",N,hours

766,Jacqueline Fletcher,893-66-3754,"4596 Nicholas Meadows Suite 601
South Tracy, GA 79432",N,miles

767,Robert Nicholson,024-68-9993,"2202 Brown Ville Suite 015
Greenberg, NV 18829",N,miles

768,Melanie Everett,373-65-3806,"Unit 6427 Box 6606
DPO AE 33824",Y,hours

769,Laura Nelson,709-73-7943,"2002 Brooks Overpass
Roberttown, PW 61269",N,miles

770,Evelyn Velasquez,368-96-1192,"813 Clay Row Apt. 456
Shepardstad, CO 66751",N,hours

771,Kristen Harper,376-56-6366,"4961 Daniel Trail
West Brianmouth, WI 22943",N,hours

772,Melanie Allen,649-22-1141,"67356 Phillip Passage Suite 592
Wyattshire, PW 04048",N,miles

773,Jason Johnston,554-51-8836,"87183 Charles Key Suite 995
West Elizabeth, OR 09036",N,miles

774,Ricardo Wilcox,451-39-8902,"6333 Valdez Mission
Torresfort, ME 73148",Y,miles

775,Claire House,205-66-4233,"8030 Clark Harbor
Port Jessicafort, MS 11937",N,hours

776,Rebecca Ortiz,449-36-5202,"62914 Heather Tunnel Apt. 720
East Jostad, VA 61411",N,miles

777,Gavin Harris,194-37-5605,"1149 Sandra Common
Troyberg, MO 65283",Y,miles

778,Lisa Oliver,423-39-4669,"8086 Monica Pike
East Kennethbury, NH 33253",Y,miles

779,Jamie Chase,899-27-1341,"7942 Taylor Highway
Andersonburgh, RI 11665",Y,hours

780,Theresa Santana,669-33-3491,"90930 Smith Walk Apt. 102
West Daniel, NJ 31929",N,hours

781,Roy King,739-39-1242,"018 Sampson Manor
South Rebecca, WY 49981",Y,hours

782,Dustin Heath,503-31-2763,"59801 Nguyen Gateway
Lake Darrellfort, WA 54522",N,hours

783,Edward Fitzgerald,881-01-9353,"7621 Taylor Garden Suite 348
Millerville, NE 13354",N,miles

784,Keith Cuevas,406-28-7681,"462 Deborah Well
West Williamhaven, RI 51219",Y,miles

785,Christopher Williams,822-12-4970,"268 Lee Ways
Crystalport, HI 29328",N,hours

786,Karina Garcia,610-88-0460,"199 Estrada Radial Suite 368
Bradleyside, OK 49581",Y,hours

787,Louis Howell,287-72-4308,"05976 Hodges Island
Port Davidburgh, VA 27205",N,miles

788,Bobby Evans,519-24-9844,"414 Mary Corners Suite 122
Brucefurt, AK 37490",N,miles

789,Kenneth Goodman,254-49-6158,"78380 Scott Wall
Maloneborough, AK 70492",Y,miles

790,Diana Green,859-37-4609,"706 James Mount
Lake Joshuaville, DE 36632",N,hours

791,Kevin Ward,038-45-5802,"Unit 3222 Box 5895
DPO AA 96684",N,miles

792,Mr. Christopher Osborne PhD,035-49-7172,"24030 Robert Well
Clarkport, GA 37062",Y,miles

793,Robert Guerrero,371-54-1557,"8274 Fisher Mall
Leeshire, NC 26078",Y,miles

794,Calvin Osborne,631-21-9763,"962 Wells Shore Apt. 602
Wallacemouth, UT 42433",Y,miles

795,Virginia Haas,702-29-9152,"883 Wilkerson Valleys
Maryborough, MA 06170",Y,hours

796,Heather Williams,019-45-1397,"PSC 7377, Box 5206
APO AE 67022",Y,miles

797,Jesse Harris,210-99-2503,"7009 Alicia Land Suite 956
Sharonhaven, TX 33027",Y,miles

798,Robert Turner,293-08-8323,"722 Kimberly Dale
Port Kathymouth, WV 00766",N,hours

799,Susan Charles,826-74-3624,"25625 Knapp Skyway Suite 697
New Sheenachester, VA 05071",N,hours

800,Ryan Bates,795-22-8251,"95077 Brandon Burgs Apt. 701
Brandiborough, AZ 65047",Y,hours

801,Gina Jones,822-23-8436,"4055 Reyes Port Apt. 080
West Scottville, OK 20734",N,hours

802,Jonathan Simmons,887-78-0785,"618 Victoria Junction Suite 584
Mckenziestad, ND 33255",Y,hours

803,Barbara Tyler,006-75-7327,"54412 Suarez Drive
New Jennifer, MP 74704",Y,miles

804,Christopher Hayes,869-52-3500,"543 Sanford Via Apt. 572
Lewisfurt, NM 65468",Y,hours

805,Kristin Beard,560-64-3599,"188 Rachel Corners Suite 210
Port Alexanderside, WI 89315",N,miles

806,Amanda Hammond,760-04-1518,"USNS Richardson
FPO AE 16522",N,hours

807,Jason Sheppard,325-10-2269,"61514 Benson Mount
Hesstown, OH 45849",Y,miles

808,Shannon Best,632-70-8411,"146 Karen Radial Apt. 933
Lake Emily, IL 51104",N,miles

809,William Gonzalez,352-78-1461,"012 Angela Crescent
Timside, TN 93091",Y,miles

810,John Ballard,601-46-8352,"Unit 7504 Box 1741
DPO AE 09941",Y,miles

811,Albert Mccarty,181-35-8266,"72904 Kelsey Shoal
Craigchester, NE 16410",Y,miles

812,Michelle Hunt,129-55-0797,"2472 Ashley Station Apt. 083
Robertsville, HI 42993",N,hours

813,Amy Case,891-49-5267,"USNS Williamson
FPO AE 51289",N,hours

814,Jeff Johnson,221-51-9513,"7248 Kathryn Ford
Grahamchester, FM 34378",N,miles

815,Matthew Frederick,141-38-2460,"354 Lyons Fork Apt. 016
East Veronicaview, PW 95813",Y,hours

816,Matthew Alvarez,827-31-9350,"575 Foley Cape
Lindaburgh, NM 41166",Y,miles

817,Karen Livingston,697-16-9157,"USNS Arellano
FPO AP 49257",N,miles

818,Phillip Smith,790-80-8117,"70542 Jessica Camp
Garcialand, MT 42385",N,hours

819,Jacqueline Gibson,067-31-5773,"91795 Ramirez Valleys
South Frankfort, VA 99371",Y,miles

820,Melanie Green,334-75-6781,"02293 Rachel Trafficway Apt. 551
West Seanshire, CO 69544",Y,miles

821,Philip George,387-46-1318,"2405 Kathryn Route
West Donald, DC 65810",Y,hours

822,Debra Rodriguez,416-01-7836,"Unit 4284 Box 1945
DPO AE 14294",Y,miles

823,Kyle Hill,299-60-6797,"9915 Brian Freeway Apt. 813
Sandramouth, VA 49346",N,hours

824,Thomas Webb,404-81-0235,"1598 Kelly Plain Apt. 586
Lake Tony, FL 34051",N,miles

825,Erik Sullivan,599-53-0032,"031 Pamela Turnpike
New Kathrynport, AZ 75838",Y,miles

826,Kaylee Webb,192-74-7689,"0549 Leslie Lake Suite 153
Port Timothytown, NY 19673",Y,hours

827,Crystal Allen,345-22-0290,"1497 Jesse Brook Apt. 463
North Jeffreystad, NH 72932",N,miles

828,Cynthia Hamilton MD,757-95-3792,"0859 David Roads
East Danielbury, ME 38806",Y,hours

829,Jacob Chavez,481-58-1918,"307 Michael Burg Suite 244
Stevenshire, MD 84252",N,miles

830,Robin Lamb,305-94-5488,"4028 Nicholas Cape Apt. 136
Lake John, RI 94652",N,miles

831,Stacy Sanchez,376-42-5805,"24157 Katherine Harbor
Lewisburgh, TN 15580",Y,miles

832,Eric Lambert,659-05-7057,"812 Hicks Meadow
West Lance, RI 66395",Y,miles

833,Virginia Vaughn,403-26-8992,"USNV Tucker
FPO AE 00954",Y,hours

834,Daniel Wang,218-81-3749,"850 Townsend Crossroad Apt. 123
Smithport, FM 54441",N,hours

835,Nicholas Pacheco,103-93-5372,"17720 Roberts Lane Apt. 228
North Joshua, ID 25908",Y,miles

836,Sandra Patel,472-59-6939,"1775 Ronald Road Suite 767
Vasquezhaven, MI 27192",Y,hours

837,Stacy Bowen,365-67-0028,"646 Morris Circles Apt. 779
Beckerside, CT 43246",Y,miles

838,Kimberly Taylor,069-52-5927,"88919 Austin Stravenue Apt. 413
Ayalaside, WI 74488",N,hours

839,Oscar Padilla,675-20-3788,"446 Hays Tunnel Suite 965
Bellhaven, NY 81221",N,hours

840,Jacob Blackwell,110-59-2350,"078 Kennedy Union Suite 528
Meghanland, NJ 92014",Y,hours

841,Robert Bird,789-02-3986,"834 Michelle Island
Lake Danaborough, PW 39799",N,hours

842,Jason Garcia,622-72-2311,"USS Wiley
FPO AP 49057",Y,miles

843,Melody Brown PhD,094-62-8417,"9411 Barbara Mill
South Christopherhaven, UT 77389",N,miles

844,Christopher Lopez,587-16-6596,"34186 Brooks Burgs Suite 598
Aguilarstad, MH 85968",N,hours

845,Calvin Phillips,124-92-5893,"980 Dickson Street
East Rayshire, MN 32755",N,miles

846,Heather Allen MD,644-33-8223,"163 Murillo Brook Suite 922
North Erikachester, ND 99378",Y,miles

847,Ryan Hernandez,877-63-3423,"5352 Bernard Villages Apt. 224
Curtismouth, WA 70068",N,hours

848,Robert Collins,448-31-8075,"9676 Kramer Unions Suite 255
Charlesland, TX 40041",Y,hours

849,Courtney Sherman,442-41-6919,"8304 Crystal Port Suite 179
Davischester, CA 45844",Y,miles

850,Sherry Terry,152-47-8613,"PSC 7915, Box 8297
APO AA 83645",Y,hours

851,April Evans,469-47-4093,"249 Mercedes Run
Markville, PW 28472",Y,hours

852,Brian Hardin DVM,822-49-8439,"257 Kendra Loop Apt. 247
Bentonbury, IA 55396",N,miles

853,Thomas Reese,614-97-4389,"3300 Lisa Oval
New Stacey, TN 12690",Y,miles

854,Jeffrey Guzman,095-65-9219,"Unit 1904 Box 8658
DPO AE 58051",Y,miles

855,Kevin Gonzalez,690-95-7462,"Unit 6889 Box 7831
DPO AE 55409",N,miles

856,Nicholas Serrano,777-85-3759,"Unit 5916 Box 7326
DPO AP 94059",N,miles

857,Natalie Whitaker,685-57-0576,"3712 Patricia Branch Suite 340
Port Alyssa, WI 21976",N,hours

858,Andrew Clark,530-58-1477,"94422 Scott Roads
Garnerview, PW 70514",Y,hours

859,Bobby Martinez,663-19-0054,"PSC 9375, Box 3150
APO AP 84587",N,hours

860,Jimmy Randall,191-32-4067,"818 Fischer Mission Apt. 627
Port Amy, GA 57113",N,miles

861,Gwendolyn Pruitt,812-29-9996,"Unit 4411 Box 7939
DPO AE 18029",Y,hours

862,Connie Thompson,116-18-6356,"721 Williams Forks Suite 915
Jessicamouth, SD 35402",Y,hours

863,Shelly Walker,749-35-8819,"5565 Jesse Walk Suite 314
Caseyland, AR 15085",Y,miles

864,Ryan Holloway,626-41-1980,"41041 Melissa Cliffs
South Jeffreyton, OK 51280",Y,miles

865,Dan Johnson,751-77-4560,"0791 Pham Orchard Apt. 460
Tuckerport, AS 21065",N,hours

866,Susan Schneider,011-15-9512,"92736 Christopher Motorway
Lake Aaron, MO 86881",Y,hours

867,Robert Haynes,733-34-7106,"4347 Kristie Curve Suite 156
South Rebecca, WY 80926",N,miles

868,Kevin Murphy,409-56-8869,"8397 Martin Extension Suite 906
North Annland, WI 24803",N,hours

869,Nicole Barnett,358-19-6474,"3485 Rachel Crescent
Port Chadmouth, LA 57942",N,miles

870,Debbie Garcia,332-38-4508,"13656 Lopez Terrace Apt. 685
Byrdbury, ND 10516",Y,hours

871,Tiffany Murphy,178-79-2688,"07056 Wilson Canyon Apt. 864
Mcdonaldport, MH 59916",Y,hours

872,Raymond French,202-38-6392,"4834 Darlene Creek Suite 583
South Chelseahaven, IA 99207",Y,miles

873,Christopher Howell,233-13-5080,"468 Moss Ways
New Kevin, MT 23145",Y,hours

874,Cassandra Simpson,269-55-0791,"0518 Emily Unions Apt. 663
Cummingsmouth, NE 63208",N,hours

875,Jeffrey Lewis,536-22-2602,"290 Cynthia Loaf
Clarkmouth, TX 46526",Y,hours

876,Brian Cruz,822-78-3267,"17101 Theresa Track Apt. 343
Olivertown, NC 06203",N,hours

877,Kiara Nguyen,051-94-8037,"1127 Mcgee Stravenue
East Erika, LA 07337",N,miles

878,John Ramirez,217-53-5262,"Unit 5761 Box 6792
DPO AA 44970",N,miles

879,Matthew Brown,221-70-9362,"895 Vasquez Overpass Suite 710
Port Rhondaport, PR 38586",N,miles

880,James Koch,674-97-6135,"091 Woods Causeway Apt. 269
West Wayne, ND 76337",Y,hours

881,Marissa Freeman,830-47-0331,"6955 Alyssa Fall
West Gary, ME 38660",N,miles

882,Julie Humphrey,084-39-0502,"29229 Matthew Creek
North Samantha, AS 28984",Y,miles

883,Alex Smith,590-09-8651,"96345 Evans Grove
North Melissafort, SC 71196",Y,hours

884,Taylor Martin,442-33-9013,"694 Miller Islands
East Jeremiahfort, UT 13531",N,hours

885,Erica Willis,266-19-5556,"0362 Medina Valleys Apt. 322
Alexanderchester, ME 55559",N,miles

886,Mario Pena,360-15-2063,"29508 Barnett Burg Apt. 344
West Alisonport, NJ 22846",Y,hours

887,Christina Reid,549-42-4559,"78068 Kelsey Forge
Pereztown, MS 29246",N,hours

888,Joseph Gray,202-67-7176,"0779 Padilla Pine Suite 033
Holtview, VA 61981",N,hours

889,Jessica Barnes,095-54-7400,"093 Thomas Mall
West Ian, OH 01598",Y,miles

890,Candace Miller,419-65-2185,"63158 Lynch Run Apt. 646
New Michael, VA 60648",Y,miles

891,Louis Perry,660-82-6047,"650 Sandra Tunnel Apt. 675
North Jenniferhaven, IA 57485",N,miles

892,Rebecca Gonzalez,257-50-7788,"5204 Adkins Port
New Sherriville, FL 34564",Y,hours

893,Carla Medina,354-56-5787,"8394 Deborah Village Suite 404
Matthewton, GU 78735",N,hours

894,Bonnie West,005-78-8878,"USS Patterson
FPO AA 69198",Y,miles

895,Jordan Joseph,327-64-8783,"94409 Patricia Tunnel
Scottchester, IA 42093",N,miles

896,Mary Richardson,104-61-4243,"711 Jeffery Fields Apt. 233
New Kevin, ME 25857",N,miles

897,Linda Brown,221-40-5318,"079 Andrew Roads Apt. 657
Maybury, MH 67750",Y,miles

898,Amy King,396-98-9212,"62521 Mary Circle Suite 075
Aliciaville, FM 47375",N,miles

899,Tony Figueroa,584-93-7522,"USNV Dudley
FPO AP 11451",Y,hours

900,David Wright,123-93-0200,"Unit 9368 Box 0891
DPO AP 25539",N,hours

901,Janet Taylor,056-36-7608,"629 Nicole Tunnel Suite 940
Kingmouth, WI 04594",N,hours

902,Brenda Young,853-07-2969,"19322 Nicholas Haven Apt. 662
North Adam, MA 47107",N,miles

903,Gabrielle Thompson,565-96-0231,"368 Patrick Wall Suite 386
Melanieport, MI 35713",Y,miles

904,Harold Noble,339-54-7839,"36609 Pennington Brook
Tylershire, WV 43794",N,miles

905,Stacy Gibson,114-41-1680,"8328 Klein Port Suite 729
Nataliebury, MA 11883",N,miles

906,Ashley Thomas,821-71-2394,"PSC 2293, Box 6463
APO AA 56478",Y,hours

907,Anthony Lyons,688-96-8591,"97662 Brown Stream
West Alexischester, MP 04870",Y,hours

908,David Morales,538-36-0979,"8892 Bradley Rapid Apt. 501
New Ericamouth, CO 74947",Y,hours

909,Kevin Herrera,657-36-1992,"USNV Ellis
FPO AA 44469",Y,hours

910,Samuel Preston,443-70-8092,"837 Thomas Lane
North Katelynfurt, VT 31134",N,hours

911,Jessica Patel,341-34-1997,"1755 Eric Locks
North Joe, AK 79099",Y,miles

912,Haley Miller,734-88-1611,"USNV Owens
FPO AA 73600",N,miles

913,Richard Gutierrez,822-06-3877,"0636 Mercado Valley Apt. 344
West Lindastad, FM 10427",Y,miles

914,Jerry Wall,882-82-3533,"PSC 1282, Box 0306
APO AA 74953",Y,hours

915,Brenda Avila,229-61-1563,"7804 Miller Canyon
East Jeffreyview, DC 70839",Y,miles

916,Kenneth Smith,201-04-4169,"PSC 4908, Box 9806
APO AP 48491",N,miles

917,Stephanie Chambers,580-77-6234,"62382 William Forest
North Jason, MI 34694",N,miles

918,Ronald Pacheco,469-16-7486,"721 Parks Underpass
Fosterhaven, MN 64360",Y,hours

919,Cynthia Rice,257-92-0613,"2077 Delacruz Ways
Russellville, DC 38199",Y,miles

920,Denise Chandler,316-30-1698,"321 Roger Plaza
Brianmouth, FL 94607",N,hours

921,Jessica Brown,237-39-9483,"60453 Edward Groves
Brittanytown, MO 41337",Y,miles

922,Andrea Hernandez,871-01-4021,"2329 Steven Field
South Michele, HI 43595",Y,hours

923,Nicole Jordan,717-66-0854,"USCGC Estes
FPO AA 58056",N,miles

924,Joann Chapman DVM,278-74-2598,"4567 Rivera Pike Suite 244
Lake James, MA 70523",Y,hours

925,Katherine Taylor,774-66-6413,"505 Rachael Place
West Sarashire, WA 07919",Y,hours

926,Carol Sanchez,199-37-7794,"0297 Stephen Vista Suite 593
Bauerchester, MD 28782",Y,miles

927,Joy Guerra,572-93-1715,"0747 Fry Light Apt. 961
North Victoria, ND 53950",Y,hours

928,Linda Preston,843-71-8293,"1732 Andrew Glens Apt. 917
East Davidland, WI 73153",Y,miles

929,Tyler Myers,254-78-5051,"8505 Tammy Prairie Apt. 698
Port Gregoryton, LA 98536",Y,hours

930,Lynn Beck,420-29-2598,"5680 Amy Glen Apt. 941
East Michael, CA 87029",Y,miles

931,Brandon Newton,307-19-3521,"9192 Dixon Greens Apt. 051
Port Jasonfurt, IN 43264",N,miles

932,Michael Williams,458-56-8048,"6734 Lester Tunnel Suite 195
Wrightview, ID 78304",Y,miles

933,Andrew Perry,733-73-8491,"Unit 4204 Box 2094
DPO AE 23741",N,miles

934,James Salazar,684-01-4780,"9528 David Terrace Apt. 261
Coxborough, MA 85403",Y,hours

935,Scott Smith,234-32-4174,"16719 Johns Light Suite 617
West Sonya, MD 85000",N,hours

936,Loretta Lang,719-79-9842,"3899 Matthew Port Apt. 985
Richardsonport, WI 19597",N,miles

937,Ryan Little,197-99-8938,"0744 Howard Via
South Coreyview, VT 86919",Y,hours

938,Donald Lowe,642-12-0601,"2333 Glenn Plains Apt. 337
North Kathleenmouth, FM 69884",Y,miles

939,Melissa Giles,115-19-0539,"9476 Ryan Locks Suite 674
Sarashire, KY 07589",N,hours

940,Justin Guzman,815-87-1985,"1623 Steven Island Apt. 369
Wardfort, OR 03622",Y,miles

941,Dawn Simmons,171-46-2601,"827 Donald Circle Apt. 472
Port Kevinfurt, FM 37803",N,miles

942,Timothy Palmer,140-08-4555,"064 Jared Courts Suite 140
Luisshire, NE 14642",Y,hours

943,Melissa Morris,504-13-9870,"263 William Turnpike
Lindaport, DC 58043",N,hours

944,Laura Cannon,467-40-6952,"8980 Amanda Union Suite 282
New Michael, KY 84092",N,miles

945,Jason Robinson,638-05-1675,"5050 Mendoza Locks Suite 068
Wesleyville, IL 17678",Y,miles

946,Mr. Keith Mayo,045-62-6683,"1929 Graham Run Apt. 821
Lake Erica, VT 09879",N,miles

947,Natasha Williams,132-09-2494,"457 Shelley Walks Suite 570
Michaelberg, GU 88154",Y,miles

948,William Mcdonald,032-42-5125,"USNS Good
FPO AE 76091",Y,hours

949,Kelly Jones,567-49-8781,"03496 Hill Tunnel Apt. 749
North David, RI 85584",N,hours

950,Courtney Perez,768-63-9269,"376 Anderson Highway Suite 071
Port Matthewshire, NY 09099",Y,miles

951,Jesse Stanley,535-92-8296,"524 Austin Club
Brownmouth, WY 84989",Y,miles

952,Ann Harmon,681-28-4588,"583 Holmes Road
Cameronborough, NC 10589",Y,miles

953,Jessica Lewis,188-75-5273,"0010 Ramirez Squares
North David, VA 23756",Y,hours

954,John Meyer,015-78-9613,"74071 Matthew Key Suite 454
Castanedaland, DE 44685",N,miles

955,Mr. David Lopez,295-96-8095,"058 Clayton Turnpike Suite 067
East Lisaberg, VA 02375",N,miles

956,Erica Hernandez,356-79-6321,"0317 Johnson Avenue
Sarahton, SD 38349",Y,hours

957,Edward Cannon,356-81-9763,"5483 Matthew Burgs Suite 094
Newmantown, UT 58898",Y,hours

958,Thomas Yates,463-66-0694,"1414 Tammie Knolls Suite 802
Austinmouth, MH 98373",Y,miles

959,Danielle Donaldson,116-40-5568,"071 Baldwin Mountains
Lisafort, IN 74660",N,miles

960,Paul Carroll,846-49-0186,"4237 James Canyon Suite 570
Port Alyssa, OK 87367",Y,miles

961,Christina Davis,516-97-5316,"2109 Jennifer Centers Apt. 357
Matthewtown, NH 35300",N,miles

962,Bradley Gonzales,034-77-6313,"18229 Cobb Underpass Apt. 673
Lisahaven, TN 54989",N,miles

963,Sharon Morrison,476-80-4018,"16320 Angela Garden Apt. 741
New Brooke, KS 03828",N,miles

964,Joan Mcclain,769-30-6835,"966 Hayes Station
Deckerhaven, IN 65428",N,miles

965,Derek Davis,570-22-4249,"59536 Julie Manor
Tateburgh, NC 34939",N,miles

966,Michael Martin,831-40-3666,"808 Mcdaniel Row Apt. 471
Markburgh, DC 51896",Y,hours

967,Kendra Brooks,417-66-0079,"8570 Wilson Road
Dawnmouth, MA 89714",Y,hours

968,Brittany Warren,220-39-0219,"54767 Sara Islands
Kellyton, GU 74134",Y,hours

969,Emily Martin,095-03-4860,"831 Phillips Vista
New Katherine, CA 28782",Y,miles

970,Mario Moore,825-46-7888,"3848 George Ville Suite 816
Robertmouth, UT 42018",Y,hours

971,Michael Taylor,218-32-1426,"697 Nicholas Mount
Jasonton, MT 20448",N,hours

972,Mckenzie Nelson,811-04-7693,"415 Patricia Mall Apt. 298
Tiffanymouth, KS 81642",Y,miles

973,Faith Miller,090-73-0400,"89731 Miller Passage Suite 999
South James, MS 81733",Y,miles

974,Carl Payne,425-24-6170,"0991 Kristin Throughway Suite 208
Aguilarmouth, OK 10886",N,hours

975,Lee Jacobs,018-70-9344,"0069 Osborne Landing
North Robert, MI 02676",Y,miles

976,Patrick Wilson,388-53-9891,"4493 Trevino Mill
East Julie, VA 03944",N,miles

977,Melissa Garcia,081-04-4012,"5647 Curtis Plain Apt. 217
West Andrewport, FL 32460",Y,miles

978,Maria Bass,164-62-6725,"4148 Herrera Landing Apt. 001
West Brittneyland, GA 91992",N,hours

979,Nathaniel Johnson,034-12-4671,"PSC 8359, Box 3446
APO AA 81427",Y,hours

980,William Le,239-79-8423,"38461 Ashley Trafficway Suite 623
Lake Calebfort, OH 46080",N,miles

981,Stephanie Freeman,797-11-4060,"7536 Rachel Mountains Suite 937
East Annashire, WA 65979",N,miles

982,Evan Greer,897-04-0008,"56518 Jeffrey Circle
North Marcus, AR 70771",N,hours

983,Matthew Nguyen,055-99-4583,"565 Kristine Island
Lake Kimstad, AK 45930",Y,miles

984,Cathy Watts,117-92-8204,"USNV Bennett
FPO AE 87864",N,hours

985,Samuel Schmitt,208-94-4347,"4197 Courtney Landing
North Michelechester, NE 62446",N,miles

986,Virginia Schroeder,619-21-0282,"578 Colton Forks
North Michael, WV 25912",Y,hours

987,Tasha Payne,385-07-4806,"1681 Mary Hollow Suite 910
Becktown, UT 06637",N,miles

988,Jennifer Butler,669-26-4038,"37196 Ayala Port Apt. 670
Amandaberg, NE 95082",Y,miles

989,John Hunter,207-81-1018,"6996 Chambers Camp Apt. 615
Thompsonville, WI 26820",Y,miles

990,Timothy York,712-57-4678,"1432 Steven Island
North Robert, HI 62821",Y,miles

991,Michelle Watson,808-27-5174,"141 Clark Burgs Apt. 821
North Veronicamouth, MA 42487",N,hours

992,Sylvia Cline,304-73-8835,"4656 Katherine Turnpike
Brownfurt, WI 04863",N,miles

993,Nancy Smith,613-76-5290,"651 Ellen Roads Apt. 867
Lake Brooke, DC 66689",N,miles

994,Carol Hamilton,837-24-2648,"46635 Miller Brook Apt. 265
North Victorburgh, AZ 74705",N,miles

995,Rachel Taylor,203-62-3795,"7333 Hunter Fall
Lake Valerieside, OK 41723",N,miles

996,Teresa Smith,691-31-1701,"Unit 6302 Box 4472
DPO AA 69675",N,hours

997,Sherry Brown,501-29-1775,"1087 Wells Via Suite 756
East Kimberlystad, PA 53318",Y,miles

998,Cody Webb,306-25-5748,"41044 Stephanie Land
Lake Richard, MP 49887",Y,miles

999,Lindsay Brooks,064-35-8416,"916 Barbara Shoal Suite 332
West Zoe, MD 10445",Y,hours

1000,Dr. Jennifer Turner,313-76-0888,"4338 Pacheco Park
North Nathan, AK 15395",Y,hours

1001,Timothy Adams,388-55-1899,"65836 Juan Landing
Paulaland, OR 64888",Y,miles

1002,Ann Duran,717-73-4276,"9499 Gary Summit Apt. 345
East Kathrynborough, OK 01845",N,hours

1003,Mark Coleman,557-04-3211,"039 Christopher Forge Suite 687
East Antonio, ND 18463",Y,miles

1004,William Jackson,342-80-3442,"92844 King Place
South James, SD 68290",Y,miles

1005,Cynthia Washington,471-83-9096,"50633 Johnson Streets Suite 103
South Nicholaston, MP 03073",N,miles

1006,Derrick Hood,068-32-0235,"9881 Dillon Gateway
Lake Wandamouth, LA 82177",N,miles

1007,Kathryn Carlson,071-09-2032,"14856 Ryan Ways
Martinezmouth, OH 57557",Y,hours

1008,Angela Turner,116-88-8700,"48912 Wilson Cliff Apt. 154
Port Christopherview, FL 64216",Y,miles

1009,Christine King,392-19-3467,"Unit 3304 Box 6421
DPO AA 35099",Y,miles

